,longitude,latitude,qc,flag
2015-01-14 22:00:00,21.645363,83.2463,1,False
2015-01-15 00:00:00,21.57053,83.244598,1,False
2015-01-15 01:00:00,21.596865,83.240088,1,False
2015-01-15 02:00:00,21.510867,83.239157,1,False
2015-01-15 03:00:00,21.573714,83.237577,1,False
2015-01-15 04:00:00,21.556561,83.22152,1,False
2015-01-15 05:00:00,21.532506,83.219119,1,False
2015-01-15 06:00:00,21.507877,83.217919,1,False
2015-01-15 07:00:00,21.487361,83.212645,1,False
2015-01-15 08:00:00,21.451455,83.215383,1,False
2015-01-15 09:00:00,21.353826,83.22076,1,False
2015-01-15 10:00:00,21.216555,83.218491,1,False
2015-01-15 11:00:00,21.156156,83.20704,1,False
2015-01-15 12:00:00,21.423924,83.172519,1,False
2015-01-15 13:00:00,21.393308,83.171398,1,False
2015-01-15 14:00:00,21.362033,83.170226,1,False
2015-01-15 15:00:00,21.330179,83.169068,1,False
2015-01-15 16:00:00,21.299289,83.167866,1,False
2015-01-15 17:00:00,21.268919,83.166706,1,False
2015-01-15 18:00:00,21.239244,83.165454,1,False
2015-01-15 19:00:00,21.210092,83.16416,1,False
2015-01-15 20:00:00,21.18093,83.162801,1,False
2015-01-15 21:00:00,21.152765,83.161496,1,False
2015-01-15 22:00:00,21.125513,83.160254,1,False
2015-01-15 23:00:00,21.099756,83.159106,1,False
2015-01-16 00:00:00,21.075272,83.158052,1,False
2015-01-16 01:00:00,21.051375,83.157024,1,False
2015-01-16 02:00:00,21.029097,83.156037,1,False
2015-01-16 03:00:00,21.009706,83.155705,1,False
2015-01-16 04:00:00,20.990665,83.15531,1,False
2015-01-16 05:00:00,20.972722,83.154924,1,False
2015-01-16 06:00:00,20.957487,83.154445,1,False
2015-01-16 07:00:00,20.94305,83.153939,1,False
2015-01-16 08:00:00,20.929619,83.153419,1,False
2015-01-16 09:00:00,20.917337,83.152989,1,False
2015-01-16 10:00:00,20.905933,83.152565,1,False
2015-01-16 11:00:00,20.896224,83.152125,1,False
2015-01-16 12:00:00,20.885916,83.15179,1,False
2015-01-16 13:00:00,20.876905,83.151536,1,False
2015-01-16 14:00:00,20.868007,83.151414,1,False
2015-01-16 15:00:00,20.858757,83.151275,1,False
2015-01-16 16:00:00,20.849488,83.15091,1,False
2015-01-16 17:00:00,20.839084,83.150287,1,False
2015-01-16 18:00:00,20.829451,83.149436,1,False
2015-01-16 19:00:00,20.820942,83.148409,1,False
2015-01-16 20:00:00,20.812852,83.147188,1,False
2015-01-16 21:00:00,20.805671,83.145906,1,False
2015-01-16 22:00:00,20.798906,83.144602,1,False
2015-01-16 23:00:00,20.792297,83.143322,1,False
2015-01-17 00:00:00,20.785378,83.142068,1,False
2015-01-17 01:00:00,20.778072,83.140868,1,False
2015-01-17 02:00:00,20.770433,83.139694,1,False
2015-01-17 03:00:00,20.76212,83.138536,1,False
2015-01-17 04:00:00,20.753172,83.137269,1,False
2015-01-17 05:00:00,20.744054,83.136081,1,False
2015-01-17 06:00:00,20.734746,83.135105,1,False
2015-01-17 07:00:00,20.725627,83.134355,1,False
2015-01-17 08:00:00,20.718183,83.133622,1,False
2015-01-17 09:00:00,20.713523,83.133189,1,False
2015-01-17 16:00:00,20.694677,83.131823,1,False
2015-01-17 17:00:00,20.690702,83.130865,1,False
2015-01-17 18:00:00,20.686382,83.129708,1,False
2015-01-17 19:00:00,20.681869,83.128114,1,False
2015-01-17 20:00:00,20.678836,83.126369,1,False
2015-01-17 21:00:00,20.678314,83.12467,1,False
2015-01-17 22:00:00,20.679014,83.122929,1,False
2015-01-17 23:00:00,20.68058,83.121314,1,False
2015-01-18 00:00:00,20.683014,83.119714,1,False
2015-01-18 01:00:00,20.686106,83.118245,1,False
2015-01-18 02:00:00,20.688617,83.116713,1,False
2015-01-18 03:00:00,20.690317,83.115156,1,False
2015-01-18 04:00:00,20.691346,83.113488,1,False
2015-01-18 05:00:00,20.691824,83.111822,1,False
2015-01-18 06:00:00,20.691609,83.110076,1,False
2015-01-18 07:00:00,20.689761,83.108383,1,False
2015-01-18 08:00:00,20.68797,83.106597,1,False
2015-01-18 09:00:00,20.686815,83.105085,1,False
2015-01-18 10:00:00,20.68655,83.103633,1,False
2015-01-18 11:00:00,20.68823,83.102219,1,False
2015-01-18 12:00:00,20.691652,83.10099,1,False
2015-01-18 13:00:00,20.696066,83.099855,1,False
2015-01-18 14:00:00,20.699202,83.098998,1,False
2015-01-18 15:00:00,20.702191,83.098268,1,False
2015-01-18 16:00:00,20.704501,83.097491,1,False
2015-01-18 17:00:00,20.705433,83.096717,1,False
2015-01-18 18:00:00,20.705881,83.095932,1,False
2015-01-18 19:00:00,20.706931,83.094986,1,False
2015-01-18 20:00:00,20.709034,83.093908,1,False
2015-01-18 21:00:00,20.712701,83.092798,1,False
2015-01-18 22:00:00,20.717916,83.091708,1,False
2015-01-18 23:00:00,20.726124,83.090865,1,False
2015-01-19 00:00:00,20.736375,83.09034,1,False
2015-01-19 01:00:00,20.749317,83.090399,1,False
2015-01-19 02:00:00,20.76341,83.090978,1,False
2015-01-19 03:00:00,20.777011,83.092128,1,False
2015-01-19 04:00:00,20.7876,83.093644,1,False
2015-01-19 05:00:00,20.795502,83.095677,1,False
2015-01-19 06:00:00,20.799722,83.098059,1,False
2015-01-19 07:00:00,20.801017,83.100918,1,False
2015-01-19 08:00:00,20.800971,83.103207,1,False
2015-01-19 09:00:00,20.796876,83.105099,1,False
2015-01-19 10:00:00,20.791501,83.107222,1,False
2015-01-19 11:00:00,20.789617,83.1095,1,False
2015-01-19 12:00:00,20.789232,83.111779,1,False
2015-01-19 13:00:00,20.789669,83.113901,1,False
2015-01-19 14:00:00,20.788858,83.116127,1,False
2015-01-19 15:00:00,20.784948,83.117956,1,False
2015-01-19 16:00:00,20.775775,83.119418,1,False
2015-01-19 17:00:00,20.761523,83.120569,1,False
2015-01-19 18:00:00,20.741537,83.121374,1,False
2015-01-19 19:00:00,20.717103,83.121741,1,False
2015-01-19 20:00:00,20.687792,83.121563,1,False
2015-01-19 21:00:00,20.655741,83.121169,1,False
2015-01-19 22:00:00,20.622669,83.120358,1,False
2015-01-19 23:00:00,20.591712,83.118927,1,False
2015-01-20 00:00:00,20.565539,83.117357,1,False
2015-01-20 01:00:00,20.54307,83.115612,1,False
2015-01-20 02:00:00,20.523033,83.113918,1,False
2015-01-20 03:00:00,20.504592,83.112227,1,False
2015-01-20 04:00:00,20.485023,83.11044,1,False
2015-01-20 05:00:00,20.463838,83.108706,1,False
2015-01-20 06:00:00,20.439702,83.106762,1,False
2015-01-20 07:00:00,20.415489,83.104908,1,False
2015-01-20 08:00:00,20.386929,83.102779,1,False
2015-01-20 09:00:00,20.356811,83.100587,1,False
2015-01-20 10:00:00,20.326585,83.098262,1,False
2015-01-20 11:00:00,20.304277,83.096073,1,False
2015-01-20 12:00:00,20.289334,83.093992,1,False
2015-01-20 13:00:00,20.282035,83.09237,1,False
2015-01-20 14:00:00,20.277312,83.091322,1,False
2015-01-20 15:00:00,20.274332,83.090371,1,False
2015-01-20 16:00:00,20.271063,83.089493,1,False
2015-01-20 17:00:00,20.266135,83.08881,1,False
2015-01-20 18:00:00,20.257593,83.088064,1,False
2015-01-20 19:00:00,20.245606,83.086989,1,False
2015-01-20 20:00:00,20.231945,83.086119,1,False
2015-01-20 21:00:00,20.21819,83.08558,1,False
2015-01-20 22:00:00,20.204308,83.084982,1,False
2015-01-20 23:00:00,20.19184,83.084395,1,False
2015-01-21 00:00:00,20.183572,83.083809,1,False
2015-01-21 01:00:00,20.176161,83.083721,1,False
2015-01-21 02:00:00,20.17077,83.084114,1,False
2015-01-21 03:00:00,20.165903,83.084733,1,False
2015-01-21 04:00:00,20.157225,83.085836,1,False
2015-01-21 05:00:00,20.14672,83.087831,1,False
2015-01-21 06:00:00,20.139003,83.090451,1,False
2015-01-21 07:00:00,20.133403,83.093565,1,False
2015-01-21 08:00:00,20.133341,83.096987,1,False
2015-01-21 09:00:00,20.14359,83.099999,1,False
2015-01-21 10:00:00,20.156458,83.103068,1,False
2015-01-21 11:00:00,20.176003,83.105731,1,False
2015-01-21 12:00:00,20.204376,83.10799,1,False
2015-01-21 13:00:00,20.232323,83.109588,1,False
2015-01-21 14:00:00,20.261826,83.110755,1,False
2015-01-21 15:00:00,20.292395,83.111464,1,False
2015-01-21 16:00:00,20.31638,83.112201,1,False
2015-01-21 17:00:00,20.329709,83.112922,1,False
2015-01-21 18:00:00,20.334596,83.114009,1,False
2015-01-21 19:00:00,20.337113,83.115916,1,False
2015-01-21 20:00:00,20.342803,83.118387,1,False
2015-01-21 21:00:00,20.362986,83.12174,1,False
2015-01-21 22:00:00,20.382871,83.124608,1,False
2015-01-21 23:00:00,20.394804,83.12691,1,False
2015-01-22 00:00:00,20.400644,83.12856,1,False
2015-01-22 01:00:00,20.404298,83.130017,1,False
2015-01-22 02:00:00,20.408518,83.131706,1,False
2015-01-22 03:00:00,20.417038,83.133611,1,False
2015-01-22 04:00:00,20.42968,83.135963,1,False
2015-01-22 05:00:00,20.442674,83.138322,1,False
2015-01-22 06:00:00,20.459257,83.140368,1,False
2015-01-22 07:00:00,20.482291,83.141869,1,False
2015-01-22 08:00:00,20.50671,83.142601,1,False
2015-01-22 09:00:00,20.526968,83.143112,1,False
2015-01-22 10:00:00,20.550954,83.143145,1,False
2015-01-22 11:00:00,20.571928,83.142858,1,False
2015-01-22 12:00:00,20.587045,83.142118,1,False
2015-01-22 13:00:00,20.608115,83.140795,1,False
2015-01-22 14:00:00,20.636685,83.138031,1,False
2015-01-22 15:00:00,20.671102,83.133373,1,False
2015-01-22 16:00:00,20.703462,83.128243,1,False
2015-01-22 17:00:00,20.734262,83.123281,1,False
2015-01-22 18:00:00,20.757758,83.118636,1,False
2015-01-22 19:00:00,20.772597,83.114468,1,False
2015-01-22 20:00:00,20.782503,83.111409,1,False
2015-01-22 21:00:00,20.785923,83.108919,1,False
2015-01-22 22:00:00,20.784555,83.106466,1,False
2015-01-22 23:00:00,20.78307,83.103816,1,False
2015-01-23 00:00:00,20.783598,83.100546,1,False
2015-01-23 01:00:00,20.785365,83.096899,1,False
2015-01-23 02:00:00,20.790604,83.093049,1,False
2015-01-23 03:00:00,20.799517,83.088746,1,False
2015-01-23 04:00:00,20.810388,83.084023,1,False
2015-01-23 05:00:00,20.820753,83.079185,1,False
2015-01-23 06:00:00,20.830432,83.074175,1,False
2015-01-23 07:00:00,20.840117,83.069424,1,False
2015-01-23 08:00:00,20.849863,83.064953,1,False
2015-01-23 09:00:00,20.854233,83.060708,1,False
2015-01-23 10:00:00,20.857834,83.056706,1,False
2015-01-23 11:00:00,20.859774,83.053348,1,False
2015-01-23 12:00:00,20.861743,83.050277,1,False
2015-01-23 13:00:00,20.865596,83.047224,1,False
2015-01-23 14:00:00,20.873302,83.044092,1,False
2015-01-23 15:00:00,20.884367,83.040962,1,False
2015-01-23 16:00:00,20.896806,83.037812,1,False
2015-01-23 17:00:00,20.90781,83.034797,1,False
2015-01-23 18:00:00,20.915699,83.031757,1,False
2015-01-23 19:00:00,20.920516,83.028691,1,False
2015-01-23 20:00:00,20.923427,83.025704,1,False
2015-01-23 21:00:00,20.921293,83.022614,1,False
2015-01-23 22:00:00,20.913655,83.019493,1,False
2015-01-23 23:00:00,20.898162,83.016622,1,False
2015-01-24 00:00:00,20.879669,83.01382,1,False
2015-01-24 01:00:00,20.864854,83.010902,1,False
2015-01-24 02:00:00,20.8528,83.007825,1,False
2015-01-24 03:00:00,20.842727,83.004603,1,False
2015-01-24 04:00:00,20.833387,83.001401,1,False
2015-01-24 05:00:00,20.823296,82.998111,1,False
2015-01-24 06:00:00,20.81069,82.994699,1,False
2015-01-24 07:00:00,20.793519,82.991626,1,False
2015-01-24 08:00:00,20.7726,82.988795,1,False
2015-01-24 09:00:00,20.746586,82.98629,1,False
2015-01-24 10:00:00,20.721056,82.984117,1,False
2015-01-24 11:00:00,20.693707,82.982101,1,False
2015-01-24 12:00:00,20.6685,82.979891,1,False
2015-01-24 13:00:00,20.645738,82.977757,1,False
2015-01-24 14:00:00,20.626738,82.975794,1,False
2015-01-24 15:00:00,20.611737,82.973996,1,False
2015-01-24 16:00:00,20.600234,82.972349,1,False
2015-01-24 17:00:00,20.588754,82.970827,1,False
2015-01-24 18:00:00,20.575856,82.969411,1,False
2015-01-24 19:00:00,20.560279,82.968116,1,False
2015-01-24 20:00:00,20.543194,82.966914,1,False
2015-01-24 21:00:00,20.521773,82.965613,1,False
2015-01-24 22:00:00,20.495886,82.96412,1,False
2015-01-24 23:00:00,20.466302,82.962613,1,False
2015-01-25 00:00:00,20.43536,82.961132,1,False
2015-01-25 01:00:00,20.407731,82.959548,1,False
2015-01-25 02:00:00,20.382639,82.957777,1,False
2015-01-25 03:00:00,20.359858,82.956166,1,False
2015-01-25 04:00:00,20.340977,82.954968,1,False
2015-01-25 05:00:00,20.322428,82.953939,1,False
2015-01-25 06:00:00,20.304949,82.953239,1,False
2015-01-25 07:00:00,20.286312,82.952651,1,False
2015-01-25 08:00:00,20.265941,82.952312,1,False
2015-01-25 09:00:00,20.24077,82.952025,1,False
2015-01-25 10:00:00,20.211269,82.951699,1,False
2015-01-25 11:00:00,20.18134,82.951523,1,False
2015-01-25 12:00:00,20.150859,82.951481,1,False
2015-01-25 13:00:00,20.119122,82.951846,1,False
2015-01-25 14:00:00,20.087994,82.952508,1,False
2015-01-25 15:00:00,20.060333,82.953431,1,False
2015-01-25 16:00:00,20.035688,82.954749,1,False
2015-01-25 17:00:00,20.011916,82.956501,1,False
2015-01-25 18:00:00,19.989052,82.958641,1,False
2015-01-25 19:00:00,19.964709,82.960997,1,False
2015-01-25 20:00:00,19.93872,82.963356,1,False
2015-01-25 21:00:00,19.906822,82.965784,1,False
2015-01-25 22:00:00,19.871831,82.967946,1,False
2015-01-25 23:00:00,19.833627,82.96974,1,False
2015-01-26 00:00:00,19.793801,82.971291,1,False
2015-01-26 01:00:00,19.751324,82.972602,1,False
2015-01-26 02:00:00,19.708071,82.974014,1,False
2015-01-26 03:00:00,19.66727,82.975364,1,False
2015-01-26 04:00:00,19.62971,82.976799,1,False
2015-01-26 05:00:00,19.596238,82.978383,1,False
2015-01-26 06:00:00,19.563897,82.979904,1,False
2015-01-26 07:00:00,19.532283,82.981581,1,False
2015-01-26 08:00:00,19.499829,82.983179,1,False
2015-01-26 09:00:00,19.464493,82.984829,1,False
2015-01-26 10:00:00,19.426733,82.986279,1,False
2015-01-26 11:00:00,19.386427,82.987719,1,False
2015-01-26 12:00:00,19.344276,82.989068,1,False
2015-01-26 13:00:00,19.301167,82.990322,1,False
2015-01-26 14:00:00,19.259106,82.99155,1,False
2015-01-26 15:00:00,19.220687,82.992786,1,False
2015-01-26 16:00:00,19.183611,82.994213,1,False
2015-01-26 17:00:00,19.148892,82.995835,1,False
2015-01-26 18:00:00,19.11738,82.997592,1,False
2015-01-26 19:00:00,19.085281,82.999536,1,False
2015-01-26 20:00:00,19.054771,83.001443,1,False
2015-01-26 21:00:00,19.023706,83.003138,1,False
2015-01-26 22:00:00,18.990521,83.004401,1,False
2015-01-26 23:00:00,18.954595,83.005276,1,False
2015-01-27 00:00:00,18.916811,83.005842,1,False
2015-01-27 01:00:00,18.879139,83.006272,1,False
2015-01-27 02:00:00,18.843091,83.006724,1,False
2015-01-27 03:00:00,18.809404,83.007128,1,False
2015-01-27 04:00:00,18.778592,83.00763,1,False
2015-01-27 05:00:00,18.750676,83.008189,1,False
2015-01-27 06:00:00,18.726013,83.00884,1,False
2015-01-27 07:00:00,18.705978,83.009637,1,False
2015-01-27 08:00:00,18.690341,83.010307,1,False
2015-01-27 09:00:00,18.674831,83.010523,1,False
2015-01-27 10:00:00,18.65757,83.010258,1,False
2015-01-27 11:00:00,18.635567,83.0099,1,False
2015-01-27 12:00:00,18.610893,83.009606,1,False
2015-01-27 13:00:00,18.584758,83.009181,1,False
2015-01-27 14:00:00,18.557616,83.008899,1,False
2015-01-27 15:00:00,18.531271,83.008728,1,False
2015-01-27 16:00:00,18.506665,83.008824,1,False
2015-01-27 17:00:00,18.48366,83.009218,1,False
2015-01-27 18:00:00,18.464042,83.009749,1,False
2015-01-27 19:00:00,18.445713,83.010322,1,False
2015-01-27 20:00:00,18.428419,83.010947,1,False
2015-01-27 21:00:00,18.411255,83.011473,1,False
2015-01-27 22:00:00,18.392415,83.011701,1,False
2015-01-27 23:00:00,18.372568,83.011602,1,False
2015-01-28 00:00:00,18.351278,83.011482,1,False
2015-01-28 01:00:00,18.328802,83.011113,1,False
2015-01-28 02:00:00,18.306528,83.010819,1,False
2015-01-28 03:00:00,18.285999,83.010305,1,False
2015-01-28 04:00:00,18.26778,83.009771,1,False
2015-01-28 05:00:00,18.251498,83.009251,1,False
2015-01-28 06:00:00,18.237553,83.008835,1,False
2015-01-28 07:00:00,18.225964,83.008434,1,False
2015-01-28 08:00:00,18.216541,83.008175,1,False
2015-01-28 09:00:00,18.206638,83.007816,1,False
2015-01-28 10:00:00,18.195786,83.007448,1,False
2015-01-28 11:00:00,18.182594,83.007179,1,False
2015-01-28 12:00:00,18.168624,83.00686,1,False
2015-01-28 13:00:00,18.154566,83.006356,1,False
2015-01-28 14:00:00,18.139533,83.005641,1,False
2015-01-28 15:00:00,18.123861,83.004987,1,False
2015-01-28 16:00:00,18.108787,83.004633,1,False
2015-01-28 17:00:00,18.095209,83.004587,1,False
2015-01-28 18:00:00,18.083761,83.004717,1,False
2015-01-28 19:00:00,18.073396,83.004889,1,False
2015-01-28 20:00:00,18.064428,83.005128,1,False
2015-01-28 21:00:00,18.055023,83.005463,1,False
2015-01-28 22:00:00,18.045948,83.005623,1,False
2015-01-28 23:00:00,18.035827,83.005692,1,False
2015-01-29 00:00:00,18.023327,83.005654,1,False
2015-01-29 01:00:00,18.008075,83.005548,1,False
2015-01-29 02:00:00,17.990105,83.00556,1,False
2015-01-29 03:00:00,17.969997,83.005547,1,False
2015-01-29 04:00:00,17.947507,83.00569,1,False
2015-01-29 05:00:00,17.925513,83.005889,1,False
2015-01-29 06:00:00,17.90368,83.005959,1,False
2015-01-29 07:00:00,17.884187,83.006025,1,False
2015-01-29 08:00:00,17.865865,83.006209,1,False
2015-01-29 09:00:00,17.848541,83.006238,1,False
2015-01-29 10:00:00,17.832447,83.006253,1,False
2015-01-29 11:00:00,17.816009,83.00607,1,False
2015-01-29 12:00:00,17.799592,83.005571,1,False
2015-01-29 13:00:00,17.782327,83.004829,1,False
2015-01-29 14:00:00,17.764428,83.003952,1,False
2015-01-29 15:00:00,17.747528,83.002953,1,False
2015-01-29 16:00:00,17.730678,83.001876,1,False
2015-01-29 17:00:00,17.715355,83.000745,1,False
2015-01-29 18:00:00,17.701928,82.999533,1,False
2015-01-29 19:00:00,17.69127,82.998229,1,False
2015-01-29 20:00:00,17.681357,82.996831,1,False
2015-01-29 21:00:00,17.673084,82.995261,1,False
2015-01-29 22:00:00,17.665976,82.993609,1,False
2015-01-29 23:00:00,17.659077,82.9918,1,False
2015-01-30 00:00:00,17.650187,82.989947,1,False
2015-01-30 01:00:00,17.640407,82.988121,1,False
2015-01-30 02:00:00,17.629574,82.986399,1,False
2015-01-30 03:00:00,17.619076,82.984684,1,False
2015-01-30 04:00:00,17.609056,82.983088,1,False
2015-01-30 05:00:00,17.599605,82.981631,1,False
2015-01-30 06:00:00,17.590935,82.98014,1,False
2015-01-30 07:00:00,17.583109,82.978647,1,False
2015-01-30 08:00:00,17.574901,82.977166,1,False
2015-01-30 09:00:00,17.566465,82.975612,1,False
2015-01-30 10:00:00,17.557803,82.974061,1,False
2015-01-30 11:00:00,17.549252,82.972554,1,False
2015-01-30 12:00:00,17.539994,82.971047,1,False
2015-01-30 13:00:00,17.529228,82.969567,1,False
2015-01-30 14:00:00,17.517898,82.967982,1,False
2015-01-30 15:00:00,17.506399,82.966357,1,False
2015-01-30 16:00:00,17.494038,82.964756,1,False
2015-01-30 17:00:00,17.482405,82.963091,1,False
2015-01-30 18:00:00,17.471465,82.961412,1,False
2015-01-30 19:00:00,17.46118,82.959719,1,False
2015-01-30 20:00:00,17.451926,82.958025,1,False
2015-01-30 21:00:00,17.443123,82.956293,1,False
2015-01-30 22:00:00,17.434961,82.954638,1,False
2015-01-30 23:00:00,17.426886,82.953128,1,False
2015-01-31 00:00:00,17.4177,82.951582,1,False
2015-01-31 01:00:00,17.40897,82.950061,1,False
2015-01-31 02:00:00,17.399647,82.948646,1,False
2015-01-31 03:00:00,17.38976,82.947027,1,False
2015-01-31 04:00:00,17.380235,82.945528,1,False
2015-01-31 05:00:00,17.371216,82.94406,1,False
2015-01-31 06:00:00,17.361021,82.942451,1,False
2015-01-31 07:00:00,17.351217,82.940942,1,False
2015-01-31 08:00:00,17.343033,82.939774,1,False
2015-01-31 09:00:00,17.336726,82.938819,1,False
2015-01-31 10:00:00,17.331445,82.938071,1,False
2015-01-31 11:00:00,17.325418,82.937402,1,False
2015-01-31 12:00:00,17.319368,82.936697,1,False
2015-01-31 13:00:00,17.312377,82.936068,1,False
2015-01-31 14:00:00,17.304548,82.93545,1,False
2015-01-31 15:00:00,17.295277,82.934716,1,False
2015-01-31 16:00:00,17.283849,82.934003,1,False
2015-01-31 17:00:00,17.270233,82.933295,1,False
2015-01-31 18:00:00,17.255856,82.932485,1,False
2015-01-31 19:00:00,17.239039,82.93192,1,False
2015-01-31 20:00:00,17.221051,82.931711,1,False
2015-01-31 21:00:00,17.202944,82.931978,1,False
2015-01-31 22:00:00,17.184472,82.932742,1,False
2015-01-31 23:00:00,17.165609,82.933957,1,False
2015-02-01 00:00:00,17.145164,82.935509,1,False
2015-02-01 01:00:00,17.122904,82.937172,1,False
2015-02-01 02:00:00,17.099733,82.939047,1,False
2015-02-01 03:00:00,17.074635,82.940863,1,False
2015-02-01 04:00:00,17.049748,82.942701,1,False
2015-02-01 05:00:00,17.023658,82.944516,1,False
2015-02-01 06:00:00,16.998258,82.946185,1,False
2015-02-01 07:00:00,16.973489,82.947826,1,False
2015-02-01 08:00:00,16.949459,82.949466,1,False
2015-02-01 09:00:00,16.927177,82.950962,1,False
2015-02-01 10:00:00,16.903635,82.952625,1,False
2015-02-01 11:00:00,16.879614,82.954526,1,False
2015-02-01 12:00:00,16.858323,82.956641,1,False
2015-02-01 13:00:00,16.837398,82.958929,1,False
2015-02-01 14:00:00,16.818888,82.961366,1,False
2015-02-01 15:00:00,16.799017,82.963656,1,False
2015-02-01 16:00:00,16.780948,82.965943,1,False
2015-02-01 17:00:00,16.761559,82.968002,1,False
2015-02-01 18:00:00,16.741854,82.969664,1,False
2015-02-01 19:00:00,16.723414,82.970837,1,False
2015-02-01 20:00:00,16.705942,82.971789,1,False
2015-02-01 21:00:00,16.693191,82.9723,1,False
2015-02-01 22:00:00,16.677956,82.972905,1,False
2015-02-01 23:00:00,16.667732,82.973101,1,False
2015-02-02 00:00:00,16.658419,82.973276,1,False
2015-02-02 01:00:00,16.651984,82.973293,1,False
2015-02-02 02:00:00,16.645892,82.973449,1,False
2015-02-02 03:00:00,16.638482,82.973719,1,False
2015-02-02 04:00:00,16.629468,82.974084,1,False
2015-02-02 05:00:00,16.619932,82.974431,1,False
2015-02-02 06:00:00,16.608476,82.974894,1,False
2015-02-02 07:00:00,16.595309,82.975283,1,False
2015-02-02 08:00:00,16.583002,82.975605,1,False
2015-02-02 09:00:00,16.572022,82.975867,1,False
2015-02-02 10:00:00,16.56312,82.976126,1,False
2015-02-02 11:00:00,16.555847,82.976523,1,False
2015-02-02 12:00:00,16.551288,82.976896,1,False
2015-02-02 14:00:00,16.547841,82.978206,1,False
2015-02-02 15:00:00,16.548958,82.979202,1,False
2015-02-02 16:00:00,16.549171,82.980591,1,False
2015-02-02 17:00:00,16.550991,82.982068,1,False
2015-02-02 18:00:00,16.553359,82.98347,1,False
2015-02-02 19:00:00,16.556415,82.984767,1,False
2015-02-02 20:00:00,16.557993,82.98628,1,False
2015-02-02 21:00:00,16.560963,82.987624,1,False
2015-02-02 22:00:00,16.564907,82.988888,1,False
2015-02-02 23:00:00,16.569594,82.990075,1,False
2015-02-03 00:00:00,16.575795,82.991548,1,False
2015-02-03 01:00:00,16.582235,82.993379,1,False
2015-02-03 02:00:00,16.590724,82.99501,1,False
2015-02-03 03:00:00,16.598102,82.996625,1,False
2015-02-03 04:00:00,16.604673,82.998524,1,False
2015-02-03 05:00:00,16.614569,83.00056,1,False
2015-02-03 06:00:00,16.622798,83.002978,1,False
2015-02-03 07:00:00,16.629651,83.006015,1,False
2015-02-03 08:00:00,16.638568,83.008755,1,False
2015-02-03 09:00:00,16.647501,83.011311,1,False
2015-02-03 10:00:00,16.656605,83.015102,1,False
2015-02-03 11:00:00,16.665979,83.020019,1,False
2015-02-03 12:00:00,16.675234,83.025744,1,False
2015-02-03 13:00:00,16.683802,83.032436,1,False
2015-02-03 14:00:00,16.690738,83.03965,1,False
2015-02-03 15:00:00,16.693195,83.047849,1,False
2015-02-03 16:00:00,16.693756,83.057014,1,False
2015-02-03 17:00:00,16.700056,83.066564,1,False
2015-02-03 18:00:00,16.708938,83.075994,1,False
2015-02-03 19:00:00,16.720842,83.085329,1,False
2015-02-03 20:00:00,16.74378,83.093363,1,False
2015-02-03 21:00:00,16.773916,83.101061,1,False
2015-02-03 22:00:00,16.814551,83.108848,1,False
2015-02-03 23:00:00,16.872321,83.115311,1,False
2015-02-04 00:00:00,16.944807,83.119945,1,False
2015-02-04 01:00:00,17.01601,83.122779,1,False
2015-02-04 02:00:00,17.070305,83.12393,1,False
2015-02-04 03:00:00,17.104683,83.123451,1,False
2015-02-04 04:00:00,17.130063,83.12279,1,False
2015-02-04 05:00:00,17.169549,83.124891,1,False
2015-02-04 06:00:00,17.221327,83.128713,1,False
2015-02-04 07:00:00,17.285295,83.13371,1,False
2015-02-04 08:00:00,17.357772,83.139787,1,False
2015-02-04 09:00:00,17.43836,83.14637,1,False
2015-02-04 10:00:00,17.5196,83.153455,1,False
2015-02-04 11:00:00,17.602555,83.16078,1,False
2015-02-04 12:00:00,17.679518,83.16866,1,False
2015-02-04 13:00:00,17.74609,83.176229,1,False
2015-02-04 14:00:00,17.816437,83.184829,1,False
2015-02-04 15:00:00,17.885275,83.193971,1,False
2015-02-04 16:00:00,17.950268,83.2033,1,False
2015-02-04 17:00:00,18.009904,83.212036,1,False
2015-02-04 18:00:00,18.056765,83.220093,1,False
2015-02-04 19:00:00,18.095656,83.227797,1,False
2015-02-04 20:00:00,18.123641,83.234399,1,False
2015-02-04 21:00:00,18.132455,83.241761,1,False
2015-02-04 22:00:00,18.141443,83.249424,1,False
2015-02-04 23:00:00,18.154378,83.257468,1,False
2015-02-05 00:00:00,18.173651,83.265131,1,False
2015-02-05 01:00:00,18.203687,83.271901,1,False
2015-02-05 02:00:00,18.243521,83.277337,1,False
2015-02-05 03:00:00,18.283451,83.280885,1,False
2015-02-05 04:00:00,18.31817,83.280776,1,False
2015-02-05 05:00:00,18.344628,83.276202,1,False
2015-02-05 06:00:00,18.343467,83.268761,1,False
2015-02-05 07:00:00,18.317056,83.260189,1,False
2015-02-05 08:00:00,18.270159,83.251573,1,False
2015-02-05 09:00:00,18.209372,83.243529,1,False
2015-02-05 10:00:00,18.149484,83.235661,1,False
2015-02-05 11:00:00,18.10329,83.22803,1,False
2015-02-05 12:00:00,18.087016,83.220182,1,False
2015-02-05 13:00:00,18.091027,83.211885,1,False
2015-02-05 14:00:00,18.10695,83.202046,1,False
2015-02-05 15:00:00,18.121735,83.190817,1,False
2015-02-05 16:00:00,18.131279,83.1788,1,False
2015-02-05 17:00:00,18.130701,83.166255,1,False
2015-02-05 18:00:00,18.115673,83.153448,1,False
2015-02-05 19:00:00,18.08433,83.141129,1,False
2015-02-05 20:00:00,18.038859,83.129396,1,False
2015-02-05 21:00:00,17.994796,83.118378,1,False
2015-02-05 22:00:00,17.969065,83.107607,1,False
2015-02-05 23:00:00,17.963736,83.096616,1,False
2015-02-06 00:00:00,17.974386,83.085392,1,False
2015-02-06 01:00:00,18.000858,83.074049,1,False
2015-02-06 02:00:00,18.039192,83.062472,1,False
2015-02-06 03:00:00,18.076498,83.050647,1,False
2015-02-06 04:00:00,18.108534,83.038578,1,False
2015-02-06 05:00:00,18.13011,83.02655,1,False
2015-02-06 06:00:00,18.137689,83.015121,1,False
2015-02-06 07:00:00,18.141225,83.004214,1,False
2015-02-06 08:00:00,18.136247,82.993943,1,False
2015-02-06 09:00:00,18.125526,82.98497,1,False
2015-02-06 10:00:00,18.119504,82.976393,1,False
2015-02-06 11:00:00,18.12244,82.967872,1,False
2015-02-06 12:00:00,18.136082,82.959131,1,False
2015-02-06 13:00:00,18.157774,82.95005,1,False
2015-02-06 14:00:00,18.187739,82.939851,1,False
2015-02-06 15:00:00,18.222803,82.928638,1,False
2015-02-06 16:00:00,18.25494,82.916661,1,False
2015-02-06 17:00:00,18.278376,82.904465,1,False
2015-02-06 18:00:00,18.292587,82.892434,1,False
2015-02-06 19:00:00,18.296612,82.880761,1,False
2015-02-06 20:00:00,18.291566,82.870187,1,False
2015-02-06 21:00:00,18.280888,82.860748,1,False
2015-02-06 22:00:00,18.268506,82.851507,1,False
2015-02-06 23:00:00,18.261505,82.842216,1,False
2015-02-07 00:00:00,18.26124,82.832636,1,False
2015-02-07 01:00:00,18.269577,82.822258,1,False
2015-02-07 02:00:00,18.285888,82.810509,1,False
2015-02-07 03:00:00,18.302229,82.7975,1,False
2015-02-07 04:00:00,18.311769,82.783586,1,False
2015-02-07 05:00:00,18.312058,82.769069,1,False
2015-02-07 06:00:00,18.299761,82.754342,1,False
2015-02-07 07:00:00,18.273563,82.739925,1,False
2015-02-07 08:00:00,18.23688,82.726194,1,False
2015-02-07 09:00:00,18.195456,82.71335,1,False
2015-02-07 10:00:00,18.156584,82.701412,1,False
2015-02-07 11:00:00,18.123322,82.689792,1,False
2015-02-07 12:00:00,18.097927,82.678218,1,False
2015-02-07 13:00:00,18.080455,82.666553,1,False
2015-02-07 14:00:00,18.069785,82.654783,1,False
2015-02-07 15:00:00,18.064299,82.642992,1,False
2015-02-07 16:00:00,18.059575,82.631236,1,False
2015-02-07 17:00:00,18.054787,82.619787,1,False
2015-02-07 18:00:00,18.047633,82.608944,1,False
2015-02-07 19:00:00,18.03443,82.59931,1,False
2015-02-07 20:00:00,18.019606,82.591164,1,False
2015-02-07 21:00:00,18.010489,82.583949,1,False
2015-02-07 22:00:00,18.006415,82.577321,1,False
2015-02-07 23:00:00,18.007541,82.570876,1,False
2015-02-08 00:00:00,18.012019,82.564474,1,False
2015-02-08 01:00:00,18.024548,82.557958,1,False
2015-02-08 02:00:00,18.045643,82.550453,1,False
2015-02-08 03:00:00,18.072028,82.541337,1,False
2015-02-08 04:00:00,18.095087,82.530963,1,False
2015-02-08 05:00:00,18.110275,82.52032,1,False
2015-02-08 06:00:00,18.117934,82.509859,1,False
2015-02-08 07:00:00,18.119379,82.500054,1,False
2015-02-08 08:00:00,18.116573,82.491174,1,False
2015-02-08 09:00:00,18.112749,82.483045,1,False
2015-02-08 10:00:00,18.107943,82.475599,1,False
2015-02-08 11:00:00,18.103202,82.46847,1,False
2015-02-08 12:00:00,18.103718,82.461365,1,False
2015-02-08 13:00:00,18.111489,82.453986,1,False
2015-02-08 14:00:00,18.125056,82.446059,1,False
2015-02-08 15:00:00,18.142554,82.437889,1,False
2015-02-08 16:00:00,18.159535,82.429796,1,False
2015-02-08 17:00:00,18.176532,82.421933,1,False
2015-02-08 18:00:00,18.194738,82.415103,1,False
2015-02-08 19:00:00,18.211949,82.409366,1,False
2015-02-08 20:00:00,18.228592,82.404554,1,False
2015-02-08 21:00:00,18.247819,82.400841,1,False
2015-02-08 22:00:00,18.26964,82.39729,1,False
2015-02-08 23:00:00,18.295001,82.393562,1,False
2015-02-09 00:00:00,18.323797,82.389582,1,False
2015-02-09 01:00:00,18.357886,82.385311,1,False
2015-02-09 02:00:00,18.396689,82.380034,1,False
2015-02-09 03:00:00,18.434481,82.373741,1,False
2015-02-09 04:00:00,18.466479,82.366895,1,False
2015-02-09 05:00:00,18.492099,82.360016,1,False
2015-02-09 06:00:00,18.512782,82.353745,1,False
2015-02-09 07:00:00,18.5326,82.348306,1,False
2015-02-09 08:00:00,18.549739,82.343242,1,False
2015-02-09 09:00:00,18.564989,82.338369,1,False
2015-02-09 10:00:00,18.580069,82.333762,1,False
2015-02-09 11:00:00,18.597486,82.328995,1,False
2015-02-09 12:00:00,18.617676,82.323898,1,False
2015-02-09 13:00:00,18.641498,82.318222,1,False
2015-02-09 14:00:00,18.667368,82.311972,1,False
2015-02-09 15:00:00,18.692489,82.305588,1,False
2015-02-09 16:00:00,18.71593,82.299371,1,False
2015-02-09 17:00:00,18.737888,82.293276,1,False
2015-02-09 18:00:00,18.758706,82.28761,1,False
2015-02-09 19:00:00,18.774451,82.282513,1,False
2015-02-09 20:00:00,18.786152,82.27817,1,False
2015-02-09 21:00:00,18.797629,82.274644,1,False
2015-02-09 22:00:00,18.810018,82.271507,1,False
2015-02-09 23:00:00,18.824912,82.268375,1,False
2015-02-10 00:00:00,18.84441,82.264724,1,False
2015-02-10 01:00:00,18.866356,82.260579,1,False
2015-02-10 02:00:00,18.889917,82.255708,1,False
2015-02-10 03:00:00,18.917305,82.250272,1,False
2015-02-10 04:00:00,18.946772,82.244404,1,False
2015-02-10 05:00:00,18.975262,82.238269,1,False
2015-02-10 06:00:00,18.998581,82.232289,1,False
2015-02-10 07:00:00,19.016062,82.227066,1,False
2015-02-10 08:00:00,19.030045,82.22259,1,False
2015-02-10 09:00:00,19.043784,82.218798,1,False
2015-02-10 10:00:00,19.058365,82.215371,1,False
2015-02-10 11:00:00,19.076541,82.212139,1,False
2015-02-10 12:00:00,19.100521,82.208641,1,False
2015-02-10 13:00:00,19.127737,82.20463,1,False
2015-02-10 14:00:00,19.156436,82.200061,1,False
2015-02-10 15:00:00,19.185748,82.19497,1,False
2015-02-10 16:00:00,19.212133,82.189644,1,False
2015-02-10 17:00:00,19.234795,82.18382,1,False
2015-02-10 18:00:00,19.252866,82.178096,1,False
2015-02-10 19:00:00,19.265762,82.172946,1,False
2015-02-10 20:00:00,19.275342,82.168589,1,False
2015-02-10 21:00:00,19.28501,82.164901,1,False
2015-02-10 22:00:00,19.296858,82.161492,1,False
2015-02-10 23:00:00,19.310486,82.158067,1,False
2015-02-11 00:00:00,19.324039,82.154123,1,False
2015-02-11 01:00:00,19.336473,82.149904,1,False
2015-02-11 02:00:00,19.347742,82.145213,1,False
2015-02-11 03:00:00,19.356647,82.140403,1,False
2015-02-11 04:00:00,19.363721,82.135577,1,False
2015-02-11 05:00:00,19.368704,82.130713,1,False
2015-02-11 06:00:00,19.371304,82.126091,1,False
2015-02-11 07:00:00,19.369919,82.122098,1,False
2015-02-11 08:00:00,19.36777,82.118758,1,False
2015-02-11 09:00:00,19.36652,82.115932,1,False
2015-02-11 10:00:00,19.366074,82.113452,1,False
2015-02-11 11:00:00,19.366119,82.111178,1,False
2015-02-11 12:00:00,19.367335,82.108704,1,False
2015-02-11 13:00:00,19.370263,82.105928,1,False
2015-02-11 14:00:00,19.375236,82.102766,1,False
2015-02-11 15:00:00,19.381704,82.098987,1,False
2015-02-11 16:00:00,19.388906,82.095097,1,False
2015-02-11 17:00:00,19.396808,82.091217,1,False
2015-02-11 18:00:00,19.404943,82.087388,1,False
2015-02-11 19:00:00,19.410767,82.08395,1,False
2015-02-11 20:00:00,19.415114,82.081,1,False
2015-02-11 21:00:00,19.420169,82.078561,1,False
2015-02-11 22:00:00,19.42594,82.076403,1,False
2015-02-11 23:00:00,19.433371,82.0741,1,False
2015-02-12 00:00:00,19.441407,82.071536,1,False
2015-02-12 01:00:00,19.450987,82.068808,1,False
2015-02-12 02:00:00,19.461805,82.065674,1,False
2015-02-12 03:00:00,19.472896,82.062337,1,False
2015-02-12 04:00:00,19.483605,82.058627,1,False
2015-02-12 05:00:00,19.493334,82.054585,1,False
2015-02-12 06:00:00,19.501088,82.050493,1,False
2015-02-12 07:00:00,19.507657,82.046864,1,False
2015-02-12 08:00:00,19.514743,82.043625,1,False
2015-02-12 09:00:00,19.52516,82.040794,1,False
2015-02-12 10:00:00,19.538264,82.038075,1,False
2015-02-12 11:00:00,19.553545,82.03533,1,False
2015-02-12 12:00:00,19.570272,82.032377,1,False
2015-02-12 13:00:00,19.587592,82.029326,1,False
2015-02-12 14:00:00,19.605499,82.025692,1,False
2015-02-12 15:00:00,19.622619,82.021718,1,False
2015-02-12 16:00:00,19.639188,82.017397,1,False
2015-02-12 17:00:00,19.656237,82.01274,1,False
2015-02-12 18:00:00,19.674142,82.008048,1,False
2015-02-12 19:00:00,19.69299,82.003252,1,False
2015-02-12 20:00:00,19.711763,81.998761,1,False
2015-02-12 21:00:00,19.731135,81.994465,1,False
2015-02-12 22:00:00,19.751526,81.990245,1,False
2015-02-12 23:00:00,19.772901,81.98584,1,False
2015-02-13 00:00:00,19.793945,81.981427,1,False
2015-02-13 01:00:00,19.814808,81.976678,1,False
2015-02-13 02:00:00,19.834355,81.971324,1,False
2015-02-13 03:00:00,19.851943,81.96512,1,False
2015-02-13 04:00:00,19.866201,81.957984,1,False
2015-02-13 05:00:00,19.876645,81.949782,1,False
2015-02-13 06:00:00,19.881262,81.941373,1,False
2015-02-13 07:00:00,19.883601,81.933324,1,False
2015-02-13 08:00:00,19.887128,81.926006,1,False
2015-02-13 09:00:00,19.894493,81.919399,1,False
2015-02-13 10:00:00,19.901943,81.91384,1,False
2015-02-13 11:00:00,19.913217,81.90939,1,False
2015-02-13 12:00:00,19.931264,81.905052,1,False
2015-02-13 13:00:00,19.953777,81.900706,1,False
2015-02-13 14:00:00,19.977615,81.895869,1,False
2015-02-13 15:00:00,20.001351,81.890533,1,False
2015-02-13 16:00:00,20.024257,81.884768,1,False
2015-02-13 17:00:00,20.046751,81.87857,1,False
2015-02-13 18:00:00,20.068603,81.87237,1,False
2015-02-13 19:00:00,20.088874,81.86648,1,False
2015-02-13 20:00:00,20.109617,81.861154,1,False
2015-02-13 21:00:00,20.131877,81.856511,1,False
2015-02-13 22:00:00,20.155267,81.852252,1,False
2015-02-13 23:00:00,20.179943,81.84823,1,False
2015-02-14 00:00:00,20.207454,81.844436,1,False
2015-02-14 01:00:00,20.237207,81.840675,1,False
2015-02-14 02:00:00,20.266796,81.836206,1,False
2015-02-14 03:00:00,20.297314,81.831604,1,False
2015-02-14 04:00:00,20.328975,81.82652,1,False
2015-02-14 05:00:00,20.358466,81.82104,1,False
2015-02-14 06:00:00,20.384023,81.815574,1,False
2015-02-14 07:00:00,20.40901,81.810481,1,False
2015-02-14 08:00:00,20.432994,81.805892,1,False
2015-02-14 09:00:00,20.459503,81.801882,1,False
2015-02-14 10:00:00,20.49115,81.798386,1,False
2015-02-14 11:00:00,20.527702,81.795203,1,False
2015-02-14 12:00:00,20.569417,81.792197,1,False
2015-02-14 13:00:00,20.615984,81.788965,1,False
2015-02-14 14:00:00,20.664632,81.785197,1,False
2015-02-14 15:00:00,20.711734,81.780846,1,False
2015-02-14 16:00:00,20.755343,81.77575,1,False
2015-02-14 17:00:00,20.793741,81.770012,1,False
2015-02-14 18:00:00,20.826664,81.764304,1,False
2015-02-14 19:00:00,20.856111,81.758649,1,False
2015-02-14 20:00:00,20.883316,81.753228,1,False
2015-02-14 21:00:00,20.907841,81.748309,1,False
2015-02-14 22:00:00,20.931918,81.744287,1,False
2015-02-14 23:00:00,20.958319,81.740647,1,False
2015-02-15 00:00:00,20.98279,81.736981,1,False
2015-02-15 01:00:00,21.004935,81.733187,1,False
2015-02-15 02:00:00,21.020872,81.72963,1,False
2015-02-15 03:00:00,21.031627,81.726506,1,False
2015-02-15 04:00:00,21.037778,81.723556,1,False
2015-02-15 05:00:00,21.037693,81.720906,1,False
2015-02-15 06:00:00,21.031981,81.718872,1,False
2015-02-15 07:00:00,21.027169,81.71766,1,False
2015-02-15 08:00:00,21.022423,81.71697,1,False
2015-02-15 09:00:00,21.013986,81.717074,1,False
2015-02-15 10:00:00,20.998306,81.718264,1,False
2015-02-15 11:00:00,20.971122,81.720636,1,False
2015-02-15 12:00:00,20.939602,81.723743,1,False
2015-02-15 13:00:00,20.898891,81.727145,1,False
2015-02-15 14:00:00,20.849932,81.731279,1,False
2015-02-15 15:00:00,20.793788,81.737025,1,False
2015-02-15 16:00:00,20.721296,81.744312,1,False
2015-02-15 17:00:00,20.630067,81.752959,1,False
2015-02-15 18:00:00,20.531625,81.764033,1,False
2015-02-15 19:00:00,20.43698,81.777658,1,False
2015-02-15 20:00:00,20.34294,81.792421,1,False
2015-02-15 21:00:00,20.252265,81.807809,1,False
2015-02-15 22:00:00,20.168159,81.822307,1,False
2015-02-15 23:00:00,20.089524,81.835581,1,False
2015-02-16 00:00:00,20.015405,81.846956,1,False
2015-02-16 01:00:00,19.940578,81.856601,1,False
2015-02-16 02:00:00,19.861864,81.865134,1,False
2015-02-16 03:00:00,19.781075,81.872994,1,False
2015-02-16 04:00:00,19.697783,81.880337,1,False
2015-02-16 05:00:00,19.610439,81.887272,1,False
2015-02-16 06:00:00,19.527739,81.893729,1,False
2015-02-16 07:00:00,19.451629,81.900117,1,False
2015-02-16 08:00:00,19.38161,81.905795,1,False
2015-02-16 09:00:00,19.319629,81.911094,1,False
2015-02-16 10:00:00,19.267377,81.916526,1,False
2015-02-16 11:00:00,19.221018,81.921437,1,False
2015-02-16 12:00:00,19.178562,81.92579,1,False
2015-02-16 13:00:00,19.140549,81.929674,1,False
2015-02-16 14:00:00,19.102046,81.932782,1,False
2015-02-16 15:00:00,19.059136,81.935417,1,False
2015-02-16 16:00:00,19.013238,81.937819,1,False
2015-02-16 17:00:00,18.969308,81.939925,1,False
2015-02-16 18:00:00,18.931655,81.94149,1,False
2015-02-16 19:00:00,18.901931,81.942369,1,False
2015-02-16 20:00:00,18.87467,81.942244,1,False
2015-02-16 21:00:00,18.849832,81.941155,1,False
2015-02-16 22:00:00,18.827599,81.939306,1,False
2015-02-16 23:00:00,18.80795,81.936912,1,False
2015-02-17 00:00:00,18.79039,81.934796,1,False
2015-02-17 01:00:00,18.774457,81.93265,1,False
2015-02-17 02:00:00,18.767111,81.929873,1,False
2015-02-17 03:00:00,18.762592,81.925725,1,False
2015-02-17 04:00:00,18.76065,81.921358,1,False
2015-02-17 05:00:00,18.759408,81.916199,1,False
2015-02-17 06:00:00,18.754995,81.91122,1,False
2015-02-17 07:00:00,18.746555,81.906233,1,False
2015-02-17 08:00:00,18.734402,81.901362,1,False
2015-02-17 09:00:00,18.723078,81.896268,1,False
2015-02-17 10:00:00,18.711214,81.891595,1,False
2015-02-17 11:00:00,18.698505,81.887122,1,False
2015-02-17 12:00:00,18.685058,81.882088,1,False
2015-02-17 13:00:00,18.672416,81.877037,1,False
2015-02-17 14:00:00,18.660873,81.871815,1,False
2015-02-17 15:00:00,18.648194,81.865943,1,False
2015-02-17 16:00:00,18.634742,81.859269,1,False
2015-02-17 17:00:00,18.615866,81.85201,1,False
2015-02-17 18:00:00,18.590421,81.844461,1,False
2015-02-17 19:00:00,18.560645,81.836541,1,False
2015-02-17 20:00:00,18.526546,81.827888,1,False
2015-02-17 21:00:00,18.493183,81.819088,1,False
2015-02-17 22:00:00,18.462839,81.810281,1,False
2015-02-17 23:00:00,18.440643,81.80166,1,False
2015-02-18 00:00:00,18.419754,81.793211,1,False
2015-02-18 01:00:00,18.399965,81.784825,1,False
2015-02-18 02:00:00,18.383559,81.776644,1,False
2015-02-18 03:00:00,18.369516,81.768156,1,False
2015-02-18 04:00:00,18.354258,81.759192,1,False
2015-02-18 05:00:00,18.33591,81.749962,1,False
2015-02-18 06:00:00,18.314855,81.74062,1,False
2015-02-18 07:00:00,18.293049,81.731454,1,False
2015-02-18 08:00:00,18.274796,81.722409,1,False
2015-02-18 09:00:00,18.265322,81.713662,1,False
2015-02-18 10:00:00,18.265017,81.705085,1,False
2015-02-18 11:00:00,18.272538,81.696939,1,False
2015-02-18 12:00:00,18.287222,81.689563,1,False
2015-02-18 13:00:00,18.313433,81.682589,1,False
2015-02-18 14:00:00,18.34854,81.67604,1,False
2015-02-18 15:00:00,18.386617,81.669467,1,False
2015-02-18 16:00:00,18.42709,81.662547,1,False
2015-02-18 17:00:00,18.471281,81.655241,1,False
2015-02-18 18:00:00,18.517391,81.647034,1,False
2015-02-18 19:00:00,18.56115,81.63859,1,False
2015-02-18 20:00:00,18.601999,81.629675,1,False
2015-02-18 21:00:00,18.637875,81.620672,1,False
2015-02-18 22:00:00,18.672206,81.612656,1,False
2015-02-18 23:00:00,18.710458,81.605799,1,False
2015-02-19 00:00:00,18.754854,81.599435,1,False
2015-02-19 01:00:00,18.804889,81.593358,1,False
2015-02-19 02:00:00,18.858144,81.587792,1,False
2015-02-19 03:00:00,18.915151,81.582539,1,False
2015-02-19 04:00:00,18.972991,81.5777,1,False
2015-02-19 05:00:00,19.034919,81.572384,1,False
2015-02-19 06:00:00,19.097891,81.566576,1,False
2015-02-19 07:00:00,19.159738,81.560038,1,False
2015-02-19 08:00:00,19.221175,81.552636,1,False
2015-02-19 09:00:00,19.28536,81.544717,1,False
2015-02-19 10:00:00,19.351501,81.536145,1,False
2015-02-19 11:00:00,19.418458,81.527138,1,False
2015-02-19 12:00:00,19.487038,81.518834,1,False
2015-02-19 13:00:00,19.562711,81.510782,1,False
2015-02-19 14:00:00,19.64507,81.50287,1,False
2015-02-19 15:00:00,19.732594,81.494873,1,False
2015-02-19 16:00:00,19.821339,81.486038,1,False
2015-02-19 17:00:00,19.906443,81.475399,1,False
2015-02-19 18:00:00,19.980098,81.463063,1,False
2015-02-19 19:00:00,20.044367,81.450138,1,False
2015-02-19 20:00:00,20.100744,81.436977,1,False
2015-02-19 21:00:00,20.153286,81.423807,1,False
2015-02-19 22:00:00,20.204658,81.410773,1,False
2015-02-19 23:00:00,20.256934,81.397848,1,False
2015-02-20 00:00:00,20.310774,81.385226,1,False
2015-02-20 01:00:00,20.362804,81.372083,1,False
2015-02-20 02:00:00,20.414458,81.359,1,False
2015-02-20 03:00:00,20.46483,81.345886,1,False
2015-02-20 04:00:00,20.512093,81.332454,1,False
2015-02-20 05:00:00,20.550279,81.31912,1,False
2015-02-20 06:00:00,20.57272,81.306019,1,False
2015-02-20 07:00:00,20.577574,81.293327,1,False
2015-02-20 08:00:00,20.566799,81.280976,1,False
2015-02-20 09:00:00,20.549367,81.268741,1,False
2015-02-20 10:00:00,20.530314,81.256236,1,False
2015-02-20 11:00:00,20.511524,81.243356,1,False
2015-02-20 12:00:00,20.495634,81.230711,1,False
2015-02-20 13:00:00,20.484619,81.218312,1,False
2015-02-20 14:00:00,20.481132,81.206618,1,False
2015-02-20 15:00:00,20.485633,81.196087,1,False
2015-02-20 16:00:00,20.500089,81.186372,1,False
2015-02-20 17:00:00,20.523946,81.177256,1,False
2015-02-20 18:00:00,20.558047,81.168174,1,False
2015-02-20 19:00:00,20.598222,81.15885,1,False
2015-02-20 20:00:00,20.636687,81.14849,1,False
2015-02-20 21:00:00,20.669135,81.137475,1,False
2015-02-20 22:00:00,20.695109,81.125653,1,False
2015-02-20 23:00:00,20.7106,81.11312,1,False
2015-02-21 00:00:00,20.712122,81.101126,1,False
2015-02-21 01:00:00,20.704042,81.09026,1,False
2015-02-21 02:00:00,20.689639,81.081626,1,False
2015-02-21 03:00:00,20.672948,81.076208,1,False
2015-02-21 04:00:00,20.659983,81.073324,1,False
2015-02-21 05:00:00,20.657406,81.072408,1,False
2015-02-21 06:00:00,20.667385,81.072939,1,False
2015-02-21 07:00:00,20.688832,81.073716,1,False
2015-02-21 08:00:00,20.7168,81.073591,1,False
2015-02-21 09:00:00,20.74765,81.072084,1,False
2015-02-21 10:00:00,20.77734,81.069346,1,False
2015-02-21 11:00:00,20.804847,81.065086,1,False
2015-02-21 12:00:00,20.82756,81.059728,1,False
2015-02-21 13:00:00,20.847476,81.053546,1,False
2015-02-21 14:00:00,20.865386,81.047144,1,False
2015-02-21 15:00:00,20.88171,81.041366,1,False
2015-02-21 16:00:00,20.896755,81.036495,1,False
2015-02-21 17:00:00,20.911324,81.032412,1,False
2015-02-21 18:00:00,20.927064,81.028999,1,False
2015-02-21 19:00:00,20.943391,81.025637,1,False
2015-02-21 20:00:00,20.955771,81.021854,1,False
2015-02-21 21:00:00,20.961166,81.017515,1,False
2015-02-21 22:00:00,20.956919,81.012772,1,False
2015-02-21 23:00:00,20.941959,81.007858,1,False
2015-02-22 00:00:00,20.920079,81.003131,1,False
2015-02-22 01:00:00,20.894145,80.998937,1,False
2015-02-22 02:00:00,20.867821,80.996367,1,False
2015-02-22 03:00:00,20.844014,80.99621,1,False
2015-02-22 04:00:00,20.82288,80.998022,1,False
2015-02-22 05:00:00,20.805361,81.001349,1,False
2015-02-22 06:00:00,20.792661,81.005451,1,False
2015-02-22 07:00:00,20.786009,81.009929,1,False
2015-02-22 08:00:00,20.78423,81.013884,1,False
2015-02-22 09:00:00,20.787192,81.016079,1,False
2015-02-22 11:00:00,20.792281,81.014222,1,False
2015-02-22 12:00:00,20.791824,81.010789,1,False
2015-02-22 13:00:00,20.788466,81.006157,1,False
2015-02-22 14:00:00,20.784196,81.001171,1,False
2015-02-22 15:00:00,20.780893,80.996851,1,False
2015-02-22 16:00:00,20.782249,80.993365,1,False
2015-02-22 17:00:00,20.790964,80.990539,1,False
2015-02-22 18:00:00,20.807293,80.988033,1,False
2015-02-22 19:00:00,20.829963,80.985449,1,False
2015-02-22 20:00:00,20.853524,80.981991,1,False
2015-02-22 21:00:00,20.874284,80.977968,1,False
2015-02-22 22:00:00,20.891065,80.973588,1,False
2015-02-22 23:00:00,20.903412,80.968804,1,False
2015-02-23 00:00:00,20.911279,80.964057,1,False
2015-02-23 01:00:00,20.916192,80.959567,1,False
2015-02-23 02:00:00,20.921065,80.955664,1,False
2015-02-23 03:00:00,20.926312,80.952593,1,False
2015-02-23 04:00:00,20.93341,80.950677,1,False
2015-02-23 05:00:00,20.945035,80.950103,1,False
2015-02-23 06:00:00,20.959996,80.950427,1,False
2015-02-23 07:00:00,20.980242,80.951285,1,False
2015-02-23 08:00:00,21.004291,80.952254,1,False
2015-02-23 09:00:00,21.030837,80.953042,1,False
2015-02-23 10:00:00,21.055525,80.953348,1,False
2015-02-23 11:00:00,21.077518,80.952795,1,False
2015-02-23 12:00:00,21.095631,80.951774,1,False
2015-02-23 13:00:00,21.108863,80.950108,1,False
2015-02-23 14:00:00,21.120879,80.948172,1,False
2015-02-23 15:00:00,21.131863,80.946263,1,False
2015-02-23 16:00:00,21.141269,80.944267,1,False
2015-02-23 17:00:00,21.148274,80.942678,1,False
2015-02-23 18:00:00,21.150864,80.941681,1,False
2015-02-23 20:00:00,21.139308,80.941105,1,False
2015-02-23 21:00:00,21.120821,80.941624,1,False
2015-02-23 22:00:00,21.097934,80.9426,1,False
2015-02-23 23:00:00,21.069214,80.943931,1,False
2015-02-24 00:00:00,21.037024,80.945585,1,False
2015-02-24 01:00:00,21.002471,80.947187,1,False
2015-02-24 02:00:00,20.966259,80.948991,1,False
2015-02-24 03:00:00,20.929427,80.950934,1,False
2015-02-24 04:00:00,20.895543,80.953264,1,False
2015-02-24 05:00:00,20.863867,80.955981,1,False
2015-02-24 06:00:00,20.833801,80.958995,1,False
2015-02-24 07:00:00,20.802249,80.962623,1,False
2015-02-24 08:00:00,20.770315,80.966429,1,False
2015-02-24 09:00:00,20.73759,80.969891,1,False
2015-02-24 10:00:00,20.703312,80.973017,1,False
2015-02-24 11:00:00,20.667032,80.975778,1,False
2015-02-24 12:00:00,20.630201,80.978346,1,False
2015-02-24 13:00:00,20.590956,80.980753,1,False
2015-02-24 14:00:00,20.550883,80.983319,1,False
2015-02-24 15:00:00,20.513633,80.985508,1,False
2015-02-24 16:00:00,20.478763,80.987644,1,False
2015-02-24 17:00:00,20.442876,80.990046,1,False
2015-02-24 18:00:00,20.406281,80.992753,1,False
2015-02-24 19:00:00,20.365983,80.996293,1,False
2015-02-24 20:00:00,20.319868,81.000581,1,False
2015-02-24 21:00:00,20.271088,81.0051,1,False
2015-02-24 22:00:00,20.220988,81.009137,1,False
2015-02-24 23:00:00,20.167411,81.01214,1,False
2015-02-25 00:00:00,20.107884,81.014948,1,False
2015-02-25 01:00:00,20.04639,81.017326,1,False
2015-02-25 02:00:00,19.981381,81.019274,1,False
2015-02-25 03:00:00,19.917389,81.020317,1,False
2015-02-25 04:00:00,19.848656,81.021151,1,False
2015-02-25 05:00:00,19.779046,81.023066,1,False
2015-02-25 06:00:00,19.705835,81.026036,1,False
2015-02-25 07:00:00,19.636608,81.029815,1,False
2015-02-25 08:00:00,19.572909,81.033793,1,False
2015-02-25 09:00:00,19.514536,81.038112,1,False
2015-02-25 10:00:00,19.461141,81.042163,1,False
2015-02-25 11:00:00,19.40778,81.045793,1,False
2015-02-25 12:00:00,19.351916,81.048857,1,False
2015-02-25 13:00:00,19.29279,81.051527,1,False
2015-02-25 14:00:00,19.23367,81.053452,1,False
2015-02-25 15:00:00,19.175116,81.054552,1,False
2015-02-25 16:00:00,19.113911,81.055724,1,False
2015-02-25 17:00:00,19.056021,81.057472,1,False
2015-02-25 18:00:00,18.99821,81.059841,1,False
2015-02-25 19:00:00,18.946181,81.062731,1,False
2015-02-25 20:00:00,18.905568,81.065407,1,False
2015-02-25 21:00:00,18.87255,81.067281,1,False
2015-02-25 22:00:00,18.847217,81.067812,1,False
2015-02-25 23:00:00,18.828838,81.067578,1,False
2015-02-26 00:00:00,18.809896,81.067279,1,False
2015-02-26 01:00:00,18.786963,81.067032,1,False
2015-02-26 02:00:00,18.766223,81.066656,1,False
2015-02-26 03:00:00,18.750642,81.066141,1,False
2015-02-26 04:00:00,18.741137,81.065852,1,False
2015-02-26 05:00:00,18.736991,81.06561,1,False
2015-02-26 07:00:00,18.743565,81.065689,1,False
2015-02-26 08:00:00,18.778146,81.065489,1,False
2015-02-26 09:00:00,18.836069,81.063571,1,False
2015-02-26 10:00:00,18.90723,81.060504,1,False
2015-02-26 11:00:00,18.985909,81.055963,1,False
2015-02-26 12:00:00,19.067076,81.049695,1,False
2015-02-26 13:00:00,19.144401,81.042585,1,False
2015-02-26 14:00:00,19.216499,81.034977,1,False
2015-02-26 15:00:00,19.282204,81.026969,1,False
2015-02-26 16:00:00,19.3413,81.019225,1,False
2015-02-26 17:00:00,19.389749,81.012156,1,False
2015-02-26 18:00:00,19.43777,81.006494,1,False
2015-02-26 19:00:00,19.489923,81.001941,1,False
2015-02-26 20:00:00,19.540591,80.998365,1,False
2015-02-26 21:00:00,19.588263,80.99487,1,False
2015-02-26 22:00:00,19.63565,80.991797,1,False
2015-02-26 23:00:00,19.688766,80.988884,1,False
2015-02-27 00:00:00,19.737739,80.985581,1,False
2015-02-27 01:00:00,19.784357,80.981891,1,False
2015-02-27 02:00:00,19.829433,80.978019,1,False
2015-02-27 03:00:00,19.868955,80.973729,1,False
2015-02-27 04:00:00,19.899362,80.969054,1,False
2015-02-27 05:00:00,19.929119,80.964899,1,False
2015-02-27 06:00:00,19.957834,80.961135,1,False
2015-02-27 07:00:00,19.979231,80.957937,1,False
2015-02-27 08:00:00,19.996607,80.955721,1,False
2015-02-27 09:00:00,20.011298,80.954324,1,False
2015-02-27 10:00:00,20.023517,80.953501,1,False
2015-02-27 11:00:00,20.033033,80.952791,1,False
2015-02-27 12:00:00,20.03867,80.952083,1,False
2015-02-27 13:00:00,20.041341,80.951441,1,False
2015-02-27 14:00:00,20.039563,80.950826,1,False
2015-02-27 15:00:00,20.032564,80.950077,1,False
2015-02-27 16:00:00,20.02085,80.948904,1,False
2015-02-27 17:00:00,20.003938,80.94787,1,False
2015-02-27 18:00:00,19.983759,80.946895,1,False
2015-02-27 19:00:00,19.957497,80.94674,1,False
2015-02-27 20:00:00,19.926963,80.947577,1,False
2015-02-27 21:00:00,19.895783,80.949039,1,False
2015-02-27 22:00:00,19.865764,80.951353,1,False
2015-02-27 23:00:00,19.837307,80.954363,1,False
2015-02-28 00:00:00,19.808885,80.9579,1,False
2015-02-28 01:00:00,19.783213,80.961395,1,False
2015-02-28 02:00:00,19.759399,80.964888,1,False
2015-02-28 03:00:00,19.736107,80.968357,1,False
2015-02-28 04:00:00,19.712829,80.971107,1,False
2015-02-28 05:00:00,19.690939,80.972972,1,False
2015-02-28 06:00:00,19.668374,80.974685,1,False
2015-02-28 07:00:00,19.642801,80.976545,1,False
2015-02-28 08:00:00,19.615746,80.978782,1,False
2015-02-28 09:00:00,19.587256,80.98148,1,False
2015-02-28 10:00:00,19.55981,80.98452,1,False
2015-02-28 11:00:00,19.532501,80.987611,1,False
2015-02-28 12:00:00,19.507382,80.990667,1,False
2015-02-28 13:00:00,19.484865,80.994154,1,False
2015-02-28 14:00:00,19.460834,80.998094,1,False
2015-02-28 15:00:00,19.431633,81.001851,1,False
2015-02-28 16:00:00,19.396043,81.005506,1,False
2015-02-28 17:00:00,19.357121,81.009186,1,False
2015-02-28 18:00:00,19.313563,81.013427,1,False
2015-02-28 19:00:00,19.273866,81.018484,1,False
2015-02-28 20:00:00,19.242473,81.023753,1,False
2015-02-28 21:00:00,19.218773,81.028522,1,False
2015-02-28 22:00:00,19.200757,81.032658,1,False
2015-02-28 23:00:00,19.184728,81.036318,1,False
2015-03-01 00:00:00,19.167426,81.039973,1,False
2015-03-01 01:00:00,19.145975,81.043256,1,False
2015-03-01 02:00:00,19.119872,81.046472,1,False
2015-03-01 03:00:00,19.093946,81.049823,1,False
2015-03-01 04:00:00,19.068625,81.053109,1,False
2015-03-01 05:00:00,19.042401,81.056338,1,False
2015-03-01 06:00:00,19.013368,81.05954,1,False
2015-03-01 07:00:00,18.980179,81.062954,1,False
2015-03-01 08:00:00,18.947328,81.067046,1,False
2015-03-01 09:00:00,18.918029,81.071468,1,False
2015-03-01 10:00:00,18.887713,81.07577,1,False
2015-03-01 11:00:00,18.855497,81.080319,1,False
2015-03-01 12:00:00,18.823369,81.085247,1,False
2015-03-01 13:00:00,18.789273,81.090029,1,False
2015-03-01 14:00:00,18.748723,81.094839,1,False
2015-03-01 15:00:00,18.696423,81.10031,1,False
2015-03-01 16:00:00,18.632547,81.106869,1,False
2015-03-01 17:00:00,18.563062,81.114183,1,False
2015-03-01 18:00:00,18.490896,81.122525,1,False
2015-03-01 19:00:00,18.421249,81.13142,1,False
2015-03-01 20:00:00,18.356043,81.139969,1,False
2015-03-01 21:00:00,18.290909,81.147298,1,False
2015-03-01 22:00:00,18.225279,81.154046,1,False
2015-03-01 23:00:00,18.157807,81.161023,1,False
2015-03-02 00:00:00,18.09207,81.16829,1,False
2015-03-02 01:00:00,18.029643,81.175735,1,False
2015-03-02 02:00:00,17.969339,81.182714,1,False
2015-03-02 03:00:00,17.908731,81.18888,1,False
2015-03-02 04:00:00,17.847228,81.194559,1,False
2015-03-02 05:00:00,17.784969,81.199628,1,False
2015-03-02 06:00:00,17.722108,81.204222,1,False
2015-03-02 07:00:00,17.657671,81.20872,1,False
2015-03-02 08:00:00,17.592805,81.213417,1,False
2015-03-02 09:00:00,17.530076,81.217789,1,False
2015-03-02 10:00:00,17.470607,81.222088,1,False
2015-03-02 11:00:00,17.416595,81.226076,1,False
2015-03-02 12:00:00,17.36477,81.230114,1,False
2015-03-02 13:00:00,17.313241,81.234728,1,False
2015-03-02 14:00:00,17.26161,81.239238,1,False
2015-03-02 15:00:00,17.208193,81.244079,1,False
2015-03-02 16:00:00,17.153263,81.248382,1,False
2015-03-02 17:00:00,17.100516,81.251296,1,False
2015-03-02 18:00:00,17.038099,81.25456,1,False
2015-03-02 19:00:00,16.973001,81.258529,1,False
2015-03-02 20:00:00,16.900301,81.263281,1,False
2015-03-02 21:00:00,16.820278,81.268941,1,False
2015-03-02 22:00:00,16.741697,81.274677,1,False
2015-03-02 23:00:00,16.66814,81.280129,1,False
2015-03-03 00:00:00,16.594668,81.285991,1,False
2015-03-03 01:00:00,16.521242,81.291973,1,False
2015-03-03 02:00:00,16.449838,81.29764,1,False
2015-03-03 03:00:00,16.37599,81.303336,1,False
2015-03-03 04:00:00,16.298172,81.308974,1,False
2015-03-03 05:00:00,16.215872,81.314243,1,False
2015-03-03 06:00:00,16.129672,81.319076,1,False
2015-03-03 07:00:00,16.043258,81.323522,1,False
2015-03-03 08:00:00,15.957816,81.328127,1,False
2015-03-03 09:00:00,15.874729,81.333139,1,False
2015-03-03 10:00:00,15.796003,81.339577,1,False
2015-03-03 11:00:00,15.731551,81.346784,1,False
2015-03-03 12:00:00,15.681849,81.354021,1,False
2015-03-03 13:00:00,15.644739,81.360918,1,False
2015-03-03 14:00:00,15.625917,81.367046,1,False
2015-03-03 15:00:00,15.619025,81.372214,1,False
2015-03-03 16:00:00,15.614317,81.376385,1,False
2015-03-03 17:00:00,15.606801,81.379742,1,False
2015-03-03 18:00:00,15.597131,81.382145,1,False
2015-03-03 19:00:00,15.586394,81.383971,1,False
2015-03-03 20:00:00,15.577146,81.385185,1,False
2015-03-03 21:00:00,15.572284,81.385867,1,False
2015-03-03 23:00:00,15.580019,81.385938,1,False
2015-03-04 00:00:00,15.591032,81.385665,1,False
2015-03-04 01:00:00,15.606213,81.385424,1,False
2015-03-04 02:00:00,15.622264,81.38521,1,False
2015-03-04 03:00:00,15.637281,81.384988,1,False
2015-03-04 04:00:00,15.650582,81.38477,1,False
2015-03-04 05:00:00,15.658327,81.384148,1,False
2015-03-04 06:00:00,15.658768,81.383279,1,False
2015-03-04 07:00:00,15.653089,81.382003,1,False
2015-03-04 08:00:00,15.644779,81.380507,1,False
2015-03-04 09:00:00,15.636874,81.379046,1,False
2015-03-04 10:00:00,15.632373,81.377687,1,False
2015-03-04 11:00:00,15.633179,81.37671,1,False
2015-03-04 12:00:00,15.639406,81.376005,1,False
2015-03-04 13:00:00,15.650353,81.375515,1,False
2015-03-04 14:00:00,15.663487,81.375353,1,False
2015-03-04 15:00:00,15.676152,81.375212,1,False
2015-03-04 16:00:00,15.685925,81.374868,1,False
2015-03-04 17:00:00,15.689904,81.374267,1,False
2015-03-04 18:00:00,15.688355,81.373679,1,False
2015-03-04 19:00:00,15.681284,81.373092,1,False
2015-03-04 20:00:00,15.669424,81.372455,1,False
2015-03-04 21:00:00,15.655078,81.371925,1,False
2015-03-04 22:00:00,15.642162,81.371614,1,False
2015-03-04 23:00:00,15.631739,81.37169,1,False
2015-03-05 00:00:00,15.623992,81.372241,1,False
2015-03-05 01:00:00,15.620379,81.373465,1,False
2015-03-05 02:00:00,15.62056,81.375164,1,False
2015-03-05 03:00:00,15.622702,81.37693,1,False
2015-03-05 04:00:00,15.624604,81.378553,1,False
2015-03-05 05:00:00,15.624488,81.379886,1,False
2015-03-05 06:00:00,15.620551,81.380913,1,False
2015-03-05 07:00:00,15.612479,81.38148,1,False
2015-03-05 08:00:00,15.602179,81.381837,1,False
2015-03-05 09:00:00,15.591818,81.382039,1,False
2015-03-05 10:00:00,15.585774,81.381746,1,False
2015-03-05 11:00:00,15.585199,81.381006,1,False
2015-03-05 12:00:00,15.59134,81.380222,1,False
2015-03-05 13:00:00,15.605533,81.379678,1,False
2015-03-05 14:00:00,15.630152,81.379939,1,False
2015-03-05 15:00:00,15.661517,81.380333,1,False
2015-03-05 16:00:00,15.689455,81.379989,1,False
2015-03-05 17:00:00,15.711,81.378826,1,False
2015-03-05 18:00:00,15.73668,81.377959,1,False
2015-03-05 19:00:00,15.781038,81.378355,1,False
2015-03-05 20:00:00,15.824411,81.377274,1,False
2015-03-05 21:00:00,15.863496,81.374935,1,False
2015-03-05 22:00:00,15.89283,81.371515,1,False
2015-03-05 23:00:00,15.910506,81.367604,1,False
2015-03-06 00:00:00,15.919066,81.364449,1,False
2015-03-06 01:00:00,15.922578,81.362425,1,False
2015-03-06 02:00:00,15.928138,81.360921,1,False
2015-03-06 03:00:00,15.933241,81.360112,1,False
2015-03-06 06:00:00,15.926546,81.360648,1,False
2015-03-06 07:00:00,15.909088,81.360704,1,False
2015-03-06 08:00:00,15.882139,81.360362,1,False
2015-03-06 09:00:00,15.84786,81.360596,1,False
2015-03-06 10:00:00,15.807561,81.361798,1,False
2015-03-06 11:00:00,15.761266,81.363776,1,False
2015-03-06 12:00:00,15.714482,81.366515,1,False
2015-03-06 13:00:00,15.673467,81.369873,1,False
2015-03-06 14:00:00,15.638293,81.373922,1,False
2015-03-06 15:00:00,15.613876,81.378157,1,False
2015-03-06 16:00:00,15.597909,81.382355,1,False
2015-03-06 17:00:00,15.586748,81.386299,1,False
2015-03-06 18:00:00,15.576473,81.390017,1,False
2015-03-06 19:00:00,15.562755,81.392857,1,False
2015-03-06 20:00:00,15.546014,81.394562,1,False
2015-03-06 21:00:00,15.525702,81.395334,1,False
2015-03-06 22:00:00,15.5041,81.395575,1,False
2015-03-06 23:00:00,15.483408,81.395344,1,False
2015-03-07 00:00:00,15.464957,81.394862,1,False
2015-03-07 01:00:00,15.449949,81.394866,1,False
2015-03-07 02:00:00,15.439185,81.395555,1,False
2015-03-07 03:00:00,15.431307,81.396616,1,False
2015-03-07 04:00:00,15.423771,81.39836,1,False
2015-03-07 05:00:00,15.416618,81.400357,1,False
2015-03-07 06:00:00,15.409122,81.402335,1,False
2015-03-07 07:00:00,15.398537,81.403889,1,False
2015-03-07 08:00:00,15.384753,81.40531,1,False
2015-03-07 09:00:00,15.368914,81.406129,1,False
2015-03-07 10:00:00,15.352687,81.406413,1,False
2015-03-07 11:00:00,15.339411,81.406387,1,False
2015-03-07 12:00:00,15.329804,81.406182,1,False
2015-03-07 13:00:00,15.325253,81.406186,1,False
2015-03-07 14:00:00,15.327303,81.406692,1,False
2015-03-07 15:00:00,15.33528,81.407328,1,False
2015-03-07 16:00:00,15.345711,81.407919,1,False
2015-03-07 17:00:00,15.354392,81.408366,1,False
2015-03-07 18:00:00,15.359666,81.408959,1,False
2015-03-07 20:00:00,15.347829,81.407872,1,False
2015-03-07 21:00:00,15.32151,81.405959,1,False
2015-03-07 22:00:00,15.28344,81.40434,1,False
2015-03-07 23:00:00,15.239423,81.4026,1,False
2015-03-08 00:00:00,15.197198,81.4007,1,False
2015-03-08 01:00:00,15.142243,81.399546,1,False
2015-03-08 02:00:00,15.072713,81.399789,1,False
2015-03-08 03:00:00,15.001137,81.401319,1,False
2015-03-08 04:00:00,14.932093,81.403398,1,False
2015-03-08 05:00:00,14.865943,81.404878,1,False
2015-03-08 06:00:00,14.801131,81.405964,1,False
2015-03-08 07:00:00,14.734619,81.405501,1,False
2015-03-08 08:00:00,14.662027,81.403645,1,False
2015-03-08 09:00:00,14.581385,81.400241,1,False
2015-03-08 10:00:00,14.493284,81.39537,1,False
2015-03-08 11:00:00,14.399451,81.389458,1,False
2015-03-08 12:00:00,14.29691,81.383755,1,False
2015-03-08 13:00:00,14.192522,81.379668,1,False
2015-03-08 14:00:00,14.08649,81.378213,1,False
2015-03-08 15:00:00,13.986128,81.380643,1,False
2015-03-08 16:00:00,13.905852,81.386976,1,False
2015-03-08 17:00:00,13.844166,81.394164,1,False
2015-03-08 18:00:00,13.795803,81.400751,1,False
2015-03-08 19:00:00,13.755404,81.40563,1,False
2015-03-08 20:00:00,13.714314,81.408049,1,False
2015-03-08 21:00:00,13.673805,81.40708,1,False
2015-03-08 22:00:00,13.633512,81.403523,1,False
2015-03-08 23:00:00,13.594316,81.398089,1,False
2015-03-09 00:00:00,13.557148,81.391094,1,False
2015-03-09 01:00:00,13.515945,81.384158,1,False
2015-03-09 02:00:00,13.479714,81.378193,1,False
2015-03-09 03:00:00,13.456557,81.373349,1,False
2015-03-09 04:00:00,13.436575,81.36965,1,False
2015-03-09 05:00:00,13.416616,81.367256,1,False
2015-03-09 06:00:00,13.397597,81.365596,1,False
2015-03-09 07:00:00,13.381572,81.363712,1,False
2015-03-09 08:00:00,13.367424,81.361017,1,False
2015-03-09 09:00:00,13.352474,81.35698,1,False
2015-03-09 10:00:00,13.335521,81.351224,1,False
2015-03-09 11:00:00,13.315216,81.343947,1,False
2015-03-09 12:00:00,13.295895,81.335662,1,False
2015-03-09 13:00:00,13.278047,81.326946,1,False
2015-03-09 14:00:00,13.264071,81.318889,1,False
2015-03-09 15:00:00,13.253936,81.31174,1,False
2015-03-09 16:00:00,13.24477,81.30508,1,False
2015-03-09 17:00:00,13.235011,81.298822,1,False
2015-03-09 18:00:00,13.224107,81.293017,1,False
2015-03-09 19:00:00,13.213612,81.286704,1,False
2015-03-09 20:00:00,13.203948,81.279517,1,False
2015-03-09 21:00:00,13.198558,81.271672,1,False
2015-03-09 22:00:00,13.191281,81.262617,1,False
2015-03-09 23:00:00,13.18208,81.253042,1,False
2015-03-10 00:00:00,13.169146,81.243098,1,False
2015-03-10 01:00:00,13.153639,81.233738,1,False
2015-03-10 02:00:00,13.139182,81.223282,1,False
2015-03-10 03:00:00,13.128687,81.212282,1,False
2015-03-10 04:00:00,13.124992,81.201589,1,False
2015-03-10 05:00:00,13.129802,81.191173,1,False
2015-03-10 06:00:00,13.137744,81.181129,1,False
2015-03-10 07:00:00,13.148901,81.171334,1,False
2015-03-10 08:00:00,13.168962,81.161991,1,False
2015-03-10 09:00:00,13.189921,81.152085,1,False
2015-03-10 10:00:00,13.206144,81.141504,1,False
2015-03-10 11:00:00,13.215559,81.130876,1,False
2015-03-10 12:00:00,13.223856,81.120695,1,False
2015-03-10 13:00:00,13.237052,81.111643,1,False
2015-03-10 14:00:00,13.258944,81.103482,1,False
2015-03-10 15:00:00,13.288074,81.095935,1,False
2015-03-10 16:00:00,13.325186,81.089038,1,False
2015-03-10 17:00:00,13.367782,81.082718,1,False
2015-03-10 18:00:00,13.415848,81.07631,1,False
2015-03-10 19:00:00,13.467372,81.068659,1,False
2015-03-10 20:00:00,13.514657,81.059757,1,False
2015-03-10 21:00:00,13.552922,81.049624,1,False
2015-03-10 22:00:00,13.580892,81.039763,1,False
2015-03-10 23:00:00,13.600402,81.030649,1,False
2015-03-11 00:00:00,13.617723,81.021784,1,False
2015-03-11 01:00:00,13.637346,81.013376,1,False
2015-03-11 02:00:00,13.664808,81.005845,1,False
2015-03-11 03:00:00,13.70233,80.999353,1,False
2015-03-11 04:00:00,13.751877,80.993551,1,False
2015-03-11 05:00:00,13.81086,80.987852,1,False
2015-03-11 06:00:00,13.876968,80.98198,1,False
2015-03-11 07:00:00,13.944602,80.975477,1,False
2015-03-11 08:00:00,14.006702,80.968318,1,False
2015-03-11 09:00:00,14.060948,80.957988,1,False
2015-03-11 10:00:00,14.101047,80.946509,1,False
2015-03-11 11:00:00,14.130674,80.935855,1,False
2015-03-11 12:00:00,14.160721,80.926385,1,False
2015-03-11 13:00:00,14.195573,80.918142,1,False
2015-03-11 14:00:00,14.243554,80.911049,1,False
2015-03-11 15:00:00,14.308206,80.904141,1,False
2015-03-11 16:00:00,14.398969,80.896605,1,False
2015-03-11 17:00:00,14.513,80.888065,1,False
2015-03-11 18:00:00,14.634625,80.879647,1,False
2015-03-11 19:00:00,14.752017,80.871896,1,False
2015-03-11 20:00:00,14.854137,80.863932,1,False
2015-03-11 21:00:00,14.927108,80.857382,1,False
2015-03-11 22:00:00,14.984835,80.852928,1,False
2015-03-11 23:00:00,15.029562,80.848934,1,False
2015-03-12 00:00:00,15.072305,80.84431,1,False
2015-03-12 01:00:00,15.111246,80.841339,1,False
2015-03-12 02:00:00,15.155363,80.838365,1,False
2015-03-12 03:00:00,15.204237,80.835635,1,False
2015-03-12 04:00:00,15.257654,80.832378,1,False
2015-03-12 05:00:00,15.305537,80.827291,1,False
2015-03-12 06:00:00,15.340206,80.823154,1,False
2015-03-12 07:00:00,15.358719,80.821312,1,False
2015-03-12 08:00:00,15.370758,80.821969,1,False
2015-03-12 09:00:00,15.376033,80.82609,1,False
2015-03-12 10:00:00,15.371651,80.832677,1,False
2015-03-12 11:00:00,15.367292,80.839177,1,False
2015-03-12 12:00:00,15.368471,80.844116,1,False
2015-03-12 13:00:00,15.364566,80.847812,1,False
2015-03-12 14:00:00,15.3483,80.849214,1,False
2015-03-12 15:00:00,15.326305,80.847782,1,False
2015-03-12 16:00:00,15.298447,80.845443,1,False
2015-03-12 17:00:00,15.272183,80.842167,1,False
2015-03-12 18:00:00,15.240584,80.83918,1,False
2015-03-12 19:00:00,15.201863,80.836805,1,False
2015-03-12 20:00:00,15.162794,80.835399,1,False
2015-03-12 21:00:00,15.124622,80.833899,1,False
2015-03-12 22:00:00,15.086455,80.83332,1,False
2015-03-12 23:00:00,15.049727,80.834097,1,False
2015-03-13 00:00:00,15.022164,80.83459,1,False
2015-03-13 01:00:00,15.002239,80.834561,1,False
2015-03-13 02:00:00,14.988825,80.833273,1,False
2015-03-13 03:00:00,14.981684,80.831553,1,False
2015-03-13 04:00:00,14.979298,80.82965,1,False
2015-03-13 05:00:00,14.981857,80.827425,1,False
2015-03-13 06:00:00,14.982773,80.825771,1,False
2015-03-13 07:00:00,14.981866,80.824066,1,False
2015-03-13 09:00:00,14.980651,80.825216,1,False
2015-03-13 10:00:00,14.981891,80.826868,1,False
2015-03-13 11:00:00,14.986446,80.827911,1,False
2015-03-13 13:00:00,14.981809,80.828142,1,False
2015-03-13 14:00:00,14.962621,80.827599,1,False
2015-03-13 15:00:00,14.932704,80.827961,1,False
2015-03-13 16:00:00,14.904064,80.828889,1,False
2015-03-13 17:00:00,14.87706,80.830166,1,False
2015-03-13 18:00:00,14.858753,80.832146,1,False
2015-03-13 19:00:00,14.845528,80.833788,1,False
2015-03-13 20:00:00,14.838785,80.835568,1,False
2015-03-13 21:00:00,14.834804,80.837544,1,False
2015-03-13 22:00:00,14.83661,80.839035,1,False
2015-03-13 23:00:00,14.845486,80.839026,1,False
2015-03-14 00:00:00,14.859685,80.837091,1,False
2015-03-14 01:00:00,14.878005,80.832613,1,False
2015-03-14 02:00:00,14.894047,80.826427,1,False
2015-03-14 03:00:00,14.907762,80.820467,1,False
2015-03-14 04:00:00,14.915135,80.814726,1,False
2015-03-14 05:00:00,14.922228,80.810749,1,False
2015-03-14 06:00:00,14.942608,80.809703,1,False
2015-03-14 07:00:00,14.976319,80.810915,1,False
2015-03-14 08:00:00,15.025261,80.81344,1,False
2015-03-14 09:00:00,15.081955,80.817781,1,False
2015-03-14 10:00:00,15.132852,80.820459,1,False
2015-03-14 11:00:00,15.177427,80.822477,1,False
2015-03-14 12:00:00,15.217,80.824554,1,False
2015-03-14 13:00:00,15.255607,80.826927,1,False
2015-03-14 14:00:00,15.292078,80.830102,1,False
2015-03-14 15:00:00,15.328739,80.834309,1,False
2015-03-14 16:00:00,15.371651,80.834701,1,False
2015-03-14 17:00:00,15.394208,80.834655,1,False
2015-03-14 18:00:00,15.410554,80.83697,1,False
2015-03-14 19:00:00,15.439137,80.841033,1,False
2015-03-14 20:00:00,15.488481,80.85168,1,False
2015-03-14 21:00:00,15.541651,80.867404,1,False
2015-03-14 22:00:00,15.590878,80.885513,1,False
2015-03-14 23:00:00,15.635248,80.904714,1,False
2015-03-15 00:00:00,15.679303,80.924716,1,False
2015-03-15 01:00:00,15.715059,80.944971,1,False
2015-03-15 02:00:00,15.751453,80.965644,1,False
2015-03-15 03:00:00,15.787088,80.986487,1,False
2015-03-15 04:00:00,15.818396,81.005993,1,False
2015-03-15 05:00:00,15.860292,81.022585,1,False
2015-03-15 06:00:00,15.925639,81.03669,1,False
2015-03-15 07:00:00,16.026328,81.052464,1,False
2015-03-15 08:00:00,16.168249,81.071569,1,False
2015-03-15 09:00:00,16.310237,81.087471,1,False
2015-03-15 10:00:00,16.462071,81.103086,1,False
2015-03-15 11:00:00,16.613836,81.116777,1,False
2015-03-15 12:00:00,16.785225,81.131324,1,False
2015-03-15 13:00:00,16.961417,81.14316,1,False
2015-03-15 14:00:00,17.127269,81.150239,1,False
2015-03-15 15:00:00,17.260726,81.150085,1,False
2015-03-15 16:00:00,17.380151,81.144709,1,False
2015-03-15 17:00:00,17.473644,81.135313,1,False
2015-03-15 18:00:00,17.53961,81.126015,1,False
2015-03-15 19:00:00,17.579589,81.117192,1,False
2015-03-15 20:00:00,17.606484,81.1089,1,False
2015-03-15 21:00:00,17.63716,81.10116,1,False
2015-03-15 22:00:00,17.693119,81.094252,1,False
2015-03-15 23:00:00,17.763417,81.08798,1,False
2015-03-16 00:00:00,17.87954,81.081092,1,False
2015-03-16 01:00:00,18.036671,81.070573,1,False
2015-03-16 02:00:00,18.214521,81.054668,1,False
2015-03-16 03:00:00,18.388295,81.037459,1,False
2015-03-16 04:00:00,18.570747,81.018665,1,False
2015-03-16 05:00:00,18.765285,81.000701,1,False
2015-03-16 06:00:00,18.958549,80.985158,1,False
2015-03-16 07:00:00,19.142756,80.968378,1,False
2015-03-16 08:00:00,19.314158,80.952723,1,False
2015-03-16 09:00:00,19.458178,80.936709,1,False
2015-03-16 10:00:00,19.581905,80.921475,1,False
2015-03-16 11:00:00,19.713427,80.90649,1,False
2015-03-16 12:00:00,19.87149,80.89284,1,False
2015-03-16 13:00:00,20.029469,80.880192,1,False
2015-03-16 14:00:00,20.171366,80.867195,1,False
