datetime,longitude,latitude,sea_ice_concentration,ice_flag,buoy_id,u_wind,v_wind,slp
2022-05-02 15:00:00,-7.8622,79.17333,1.0,0,CIRFA22_206771,5.011000156402588,-2.953000068664551,1020.0
2022-05-02 16:00:00,-7.85329,79.17127,1.0,0,CIRFA22_206771,4.068999767303467,-3.765000104904175,1019.5
2022-05-02 17:00:00,-7.85,79.16774,1.0,0,CIRFA22_206771,3.046999931335449,-4.386000156402588,1019.6
2022-05-02 18:00:00,-7.85541,79.16252,1.0,0,CIRFA22_206771,2.5399999618530273,-4.868000030517578,1019.4
2022-05-02 19:00:00,-7.87081,79.15587,1.0,0,CIRFA22_206771,2.5360000133514404,-5.955999851226807,1019.7
2022-05-02 20:00:00,-7.89344,79.149,1.0,0,CIRFA22_206771,2.4839999675750732,-6.821000099182129,1019.7
2022-05-02 21:00:00,-7.91672,79.14242,1.0,0,CIRFA22_206771,2.6540000438690186,-7.567999839782715,1019.9
2022-05-02 22:00:00,-7.94228,79.1357,1.0,0,CIRFA22_206771,3.2249999046325684,-7.218999862670898,1019.4
2022-05-02 23:00:00,-7.96641,79.12997,1.0,0,CIRFA22_206771,3.3510000705718994,-7.336999893188477,1019.9
2022-05-03 00:00:00,-7.98889,79.12536,1.0,0,CIRFA22_206771,3.3519999980926514,-7.390999794006348,1019.5
2022-05-03 01:00:00,-8.00443,79.12163,1.0,0,CIRFA22_206771,3.0339999198913574,-7.1539998054504395,1019.8
2022-05-03 02:00:00,-8.01132,79.11879,1.0,0,CIRFA22_206771,3.6489999294281006,-7.007999897003174,1019.6
2022-05-03 03:00:00,-8.01016,79.11593,1.0,0,CIRFA22_206771,4.5370001792907715,-6.505000114440918,1019.7
2022-05-03 04:00:00,-8.00552,79.11233,1.0,0,CIRFA22_206771,5.533999919891357,-5.984000205993652,1019.4
2022-05-03 05:00:00,-7.99915,79.10767,1.0,0,CIRFA22_206771,5.995999813079834,-5.495999813079834,1019.4
2022-05-03 06:00:00,-7.99419,79.10172,1.0,0,CIRFA22_206771,6.223999977111816,-5.486000061035156,1019.4
2022-05-03 07:00:00,-7.99636,79.09491,1.0,0,CIRFA22_206771,6.2129998207092285,-5.383999824523926,1019.5
2022-05-03 08:00:00,-8.00424,79.08675,1.0,0,CIRFA22_206771,5.99399995803833,-5.074999809265137,1019.7
2022-05-03 09:00:00,-8.02083,79.07783,1.0,0,CIRFA22_206771,5.760000228881836,-4.872000217437744,1019.6
2022-05-03 10:00:00,-8.04733,79.06918,1.0,0,CIRFA22_206771,5.0980000495910645,-5.297999858856201,1019.6
2022-05-03 11:00:00,-8.07672,79.06269,1.0,0,CIRFA22_206771,4.835000038146973,-5.448999881744385,1019.4
2022-05-03 12:00:00,-8.10557,79.05772,1.0,0,CIRFA22_206771,4.642000198364258,-5.479000091552734,1019.7
2022-05-03 13:00:00,-8.12824,79.05424,1.0,0,CIRFA22_206771,4.620999813079834,-4.334000110626221,1019.6
2022-05-03 14:00:00,-8.13941,79.05187,1.0,0,CIRFA22_206771,4.747000217437744,-3.865000009536743,1019.2
2022-05-03 15:00:00,-8.14182,79.05019,1.0,0,CIRFA22_206771,4.861000061035156,-3.183000087738037,1019.3
2022-05-03 16:00:00,-8.14166,79.04891,1.0,0,CIRFA22_206771,4.84499979019165,-2.874000072479248,1018.7
2022-05-03 17:00:00,-8.14093,79.04779,1.0,0,CIRFA22_206771,4.754000186920166,-2.7860000133514404,1018.7
2022-05-03 18:00:00,-8.14191,79.04641,1.0,0,CIRFA22_206771,4.494999885559082,-2.7750000953674316,1018.1
2022-05-03 19:00:00,-8.15195,79.04406,1.0,0,CIRFA22_206771,4.1529998779296875,-2.6419999599456787,1018.1
2022-05-03 20:00:00,-8.16888,79.04092,1.0,0,CIRFA22_206771,3.753999948501587,-2.4240000247955322,1017.7
2022-05-03 21:00:00,-8.18931,79.03782,1.0,0,CIRFA22_206771,3.4070000648498535,-2.009000062942505,1017.4
2022-05-03 22:00:00,-8.21762,79.03531,1.0,0,CIRFA22_206771,2.7109999656677246,-1.159999966621399,1016.8
2022-05-03 23:00:00,-8.24711,79.03454,1.0,0,CIRFA22_206771,2.565000057220459,-0.4650000035762787,1016.8
2022-05-04 00:00:00,-8.26278,79.03353,1.0,0,CIRFA22_206771,2.444000005722046,0.39100000262260437,1016.3
2022-05-04 01:00:00,-8.2694,79.0335,1.0,0,CIRFA22_206771,2.4040000438690186,1.2580000162124634,1016.0
2022-05-04 02:00:00,-8.26921,79.0342,1.0,0,CIRFA22_206771,2.6710000038146973,2.066999912261963,1015.5
2022-05-04 03:00:00,-8.26665,79.036,1.0,0,CIRFA22_206771,2.740999937057495,2.486999988555908,1015.4
2022-05-04 04:00:00,-8.26182,79.03788,1.0,0,CIRFA22_206771,2.752000093460083,2.6670000553131104,1014.9
2022-05-04 05:00:00,-8.25563,79.03929,1.0,0,CIRFA22_206771,2.634999990463257,2.815999984741211,1014.7
2022-05-04 06:00:00,-8.25109,79.0397,1.0,0,CIRFA22_206771,2.428999900817871,2.86899995803833,1014.3
2022-05-04 07:00:00,-8.25187,79.03876,1.0,0,CIRFA22_206771,2.13700008392334,2.934999942779541,1014.3
2022-05-04 08:00:00,-8.25778,79.03704,1.0,0,CIRFA22_206771,1.8530000448226929,3.0160000324249268,1014.0
2022-05-04 09:00:00,-8.26853,79.03512,1.0,0,CIRFA22_206771,1.7599999904632568,3.2339999675750732,1014.0
2022-05-04 10:00:00,-8.28138,79.03395,1.0,0,CIRFA22_206771,1.190000057220459,3.6019999980926514,1013.2
2022-05-04 11:00:00,-8.29321,79.03267,1.0,0,CIRFA22_206771,1.2979999780654907,3.76200008392334,1013.1
2022-05-04 12:00:00,-8.30432,79.03195,1.0,0,CIRFA22_206771,1.3739999532699585,3.8580000400543213,1012.9
2022-05-04 13:00:00,-8.31448,79.03236,1.0,0,CIRFA22_206771,1.3329999446868896,3.7760000228881836,1012.6
2022-05-04 14:00:00,-8.32068,79.03358,1.0,0,CIRFA22_206771,1.1130000352859497,3.6540000438690186,1012.4
2022-05-04 15:00:00,-8.3213,79.03557,1.0,0,CIRFA22_206771,0.9959999918937683,3.5829999446868896,1012.0
2022-05-04 16:00:00,-8.3181,79.03788,1.0,0,CIRFA22_206771,0.8889999985694885,3.4509999752044678,1011.7
2022-05-04 17:00:00,-8.31289,79.03988,1.0,0,CIRFA22_206771,0.9399999976158142,3.437999963760376,1011.6
2022-05-04 18:00:00,-8.30811,79.04105,1.0,0,CIRFA22_206771,0.8899999856948853,3.4130001068115234,1010.9
2022-05-04 19:00:00,-8.30574,79.0415,1.0,0,CIRFA22_206771,0.9620000123977661,3.5450000762939453,1011.0
2022-05-04 20:00:00,-8.30783,79.0411,1.0,0,CIRFA22_206771,1.156999945640564,3.697000026702881,1010.6
2022-05-04 21:00:00,-8.31471,79.04023,1.0,0,CIRFA22_206771,1.5379999876022339,3.888000011444092,1010.2
2022-05-04 22:00:00,-8.3258,79.03924,1.0,0,CIRFA22_206771,0.9890000224113464,3.822999954223633,1009.8
2022-05-04 23:00:00,-8.33704,79.0391,1.0,0,CIRFA22_206771,1.2949999570846558,3.8489999771118164,1009.2
2022-05-05 00:00:00,-8.34629,79.03986,1.0,0,CIRFA22_206771,1.6449999809265137,3.934999942779541,1008.9
2022-05-05 01:00:00,-8.34891,79.04069,1.0,0,CIRFA22_206771,1.9240000247955322,3.9800000190734863,1008.5
2022-05-05 02:00:00,-8.34784,79.04208,1.0,0,CIRFA22_206771,2.6540000438690186,4.2729997634887695,1008.3
2022-05-05 03:00:00,-8.34419,79.04411,1.0,0,CIRFA22_206771,3.062000036239624,4.318999767303467,1007.9
2022-05-05 04:00:00,-8.33948,79.04608,1.0,0,CIRFA22_206771,3.2769999504089355,4.302999973297119,1007.5
2022-05-05 05:00:00,-8.33317,79.04779,1.0,0,CIRFA22_206771,3.36299991607666,4.175000190734863,1007.1
2022-05-05 06:00:00,-8.32682,79.04895,1.0,0,CIRFA22_206771,3.184000015258789,4.15500020980835,1006.5
2022-05-05 07:00:00,-8.32237,79.04944,1.0,0,CIRFA22_206771,3.053999900817871,4.284999847412109,1006.4
2022-05-05 08:00:00,-8.3202,79.04932,1.0,0,CIRFA22_206771,3.0850000381469727,4.328000068664551,1006.2
2022-05-05 09:00:00,-8.32066,79.0487,1.0,0,CIRFA22_206771,3.3320000171661377,4.335999965667725,1006.0
2022-05-05 10:00:00,-8.32553,79.04782,1.0,0,CIRFA22_206771,3.821000099182129,4.086999893188477,1005.2
2022-05-05 11:00:00,-8.33538,79.04727,1.0,0,CIRFA22_206771,3.743000030517578,4.045000076293945,1004.9
2022-05-05 12:00:00,-8.34722,79.04746,1.0,0,CIRFA22_206771,3.443000078201294,4.171000003814697,1004.7
2022-05-05 13:00:00,-8.35678,79.04827,1.0,0,CIRFA22_206771,3.318000078201294,4.3470001220703125,1004.4
2022-05-05 14:00:00,-8.36179,79.04988,1.0,0,CIRFA22_206771,3.239000082015991,4.4770002365112305,1004.0
2022-05-05 15:00:00,-8.36163,79.05219,1.0,0,CIRFA22_206771,3.2960000038146973,4.4710001945495605,1003.7
2022-05-05 16:00:00,-8.35754,79.05446,1.0,0,CIRFA22_206771,3.2750000953674316,4.4029998779296875,1003.2
2022-05-05 17:00:00,-8.35207,79.05657,1.0,0,CIRFA22_206771,3.315000057220459,4.309999942779541,1003.0
2022-05-05 18:00:00,-8.3443,79.05862,1.0,0,CIRFA22_206771,3.246000051498413,4.156000137329102,1002.5
2022-05-05 19:00:00,-8.33749,79.05963,1.0,0,CIRFA22_206771,3.115999937057495,4.047999858856201,1002.6
2022-05-05 20:00:00,-8.3351,79.05985,1.0,0,CIRFA22_206771,3.0989999771118164,3.934999942779541,1002.3
2022-05-05 21:00:00,-8.33658,79.05961,1.0,0,CIRFA22_206771,3.0280001163482666,3.9159998893737793,1002.4
2022-05-05 22:00:00,-8.34277,79.05895,1.0,0,CIRFA22_206771,2.513000011444092,3.9000000953674316,1001.8
2022-05-05 23:00:00,-8.35237,79.0581,1.0,0,CIRFA22_206771,2.63100004196167,3.9539999961853027,1001.8
2022-05-06 00:00:00,-8.36368,79.05765,1.0,0,CIRFA22_206771,2.8580000400543213,3.7070000171661377,1001.7
2022-05-06 01:00:00,-8.37205,79.05765,1.0,0,CIRFA22_206771,3.055999994277954,3.312999963760376,1001.8
2022-05-06 02:00:00,-8.37591,79.05797,1.0,0,CIRFA22_206771,2.9049999713897705,2.7899999618530273,1001.3
2022-05-06 03:00:00,-8.37635,79.05903,1.0,0,CIRFA22_206771,2.635999917984009,2.2219998836517334,1001.3
2022-05-06 04:00:00,-8.37515,79.0602,1.0,0,CIRFA22_206771,2.200000047683716,1.906000018119812,1001.4
2022-05-06 05:00:00,-8.3717,79.0614,1.0,0,CIRFA22_206771,1.9800000190734863,1.6119999885559082,1001.4
2022-05-06 06:00:00,-8.36908,79.06229,1.0,0,CIRFA22_206771,1.7649999856948853,1.305999994277954,1001.2
2022-05-06 07:00:00,-8.36882,79.06243,1.0,0,CIRFA22_206771,1.5110000371932983,1.0149999856948853,1001.7
2022-05-06 08:00:00,-8.37072,79.06197,1.0,0,CIRFA22_206771,1.0950000286102295,0.859000027179718,1002.0
2022-05-06 09:00:00,-8.37637,79.06081,1.0,0,CIRFA22_206771,0.7799999713897705,0.6240000128746033,1002.3
2022-05-06 10:00:00,-8.38815,79.05928,1.0,0,CIRFA22_206771,0.5929999947547913,0.652999997138977,1001.9
2022-05-06 11:00:00,-8.40553,79.05775,1.0,0,CIRFA22_206771,0.3700000047683716,-0.210999995470047,1002.4
2022-05-06 12:00:00,-8.42414,79.05609,1.0,0,CIRFA22_206771,-0.10599999874830246,-1.187999963760376,1002.8
2022-05-06 13:00:00,-8.44208,79.05446,1.0,0,CIRFA22_206771,-0.9259999990463257,-1.7120000123977661,1002.8
2022-05-06 14:00:00,-8.45819,79.05306,1.0,0,CIRFA22_206771,-2.065999984741211,-2.263000011444092,1003.4
2022-05-06 15:00:00,-8.47405,79.05196,1.0,0,CIRFA22_206771,-2.7039999961853027,-2.6500000953674316,1003.2
2022-05-06 16:00:00,-8.48985,79.05158,1.0,0,CIRFA22_206771,-3.4600000381469727,-3.4119999408721924,1003.8
2022-05-06 17:00:00,-8.50634,79.05093,1.0,0,CIRFA22_206771,-4.177999973297119,-3.9749999046325684,1003.9
2022-05-06 18:00:00,-8.5287,79.05043,1.0,0,CIRFA22_206771,-4.702000141143799,-4.589000225067139,1004.3
2022-05-06 19:00:00,-8.55184,79.0503,1.0,0,CIRFA22_206771,-4.718999862670898,-5.056000232696533,1004.9
2022-05-06 20:00:00,-8.5765,79.04862,1.0,0,CIRFA22_206771,-4.980999946594238,-5.716000080108643,1005.3
2022-05-06 21:00:00,-8.60609,79.0459,1.0,0,CIRFA22_206771,-5.1479997634887695,-5.960000038146973,1006.3
2022-05-06 22:00:00,-8.63831,79.0433,1.0,0,CIRFA22_206771,-4.992000102996826,-5.705999851226807,1006.6
2022-05-06 23:00:00,-8.67486,79.04136,1.0,0,CIRFA22_206771,-5.043000221252441,-5.565999984741211,1006.9
2022-05-07 00:00:00,-8.71205,79.03989,0.9200000166893005,0,CIRFA22_206771,-4.86899995803833,-5.448999881744385,1007.6
2022-05-07 01:00:00,-8.74739,79.0393,0.9200000166893005,0,CIRFA22_206771,-4.5960001945495605,-5.367000102996826,1007.9
2022-05-07 02:00:00,-8.78,79.03945,0.9200000166893005,0,CIRFA22_206771,-4.14300012588501,-5.169000148773193,1008.2
2022-05-07 03:00:00,-8.80828,79.04047,0.9200000166893005,0,CIRFA22_206771,-3.7170000076293945,-4.895999908447266,1008.5
2022-05-07 04:00:00,-8.82947,79.04189,0.9200000166893005,0,CIRFA22_206771,-3.2100000381469727,-4.440000057220459,1008.9
2022-05-07 05:00:00,-8.84352,79.04305,0.9200000166893005,0,CIRFA22_206771,-2.8350000381469727,-3.984999895095825,1009.1
2022-05-07 06:00:00,-8.85394,79.04356,0.9200000166893005,0,CIRFA22_206771,-2.305999994277954,-3.4719998836517334,1009.7
2022-05-07 07:00:00,-8.86164,79.04327,0.9200000166893005,0,CIRFA22_206771,-1.815999984741211,-2.990999937057495,1009.7
2022-05-07 08:00:00,-8.86739,79.04223,0.9200000166893005,0,CIRFA22_206771,-1.159000039100647,-2.4170000553131104,1010.2
2022-05-07 09:00:00,-8.87176,79.04066,0.9200000166893005,0,CIRFA22_206771,-0.4480000138282776,-1.8550000190734863,1010.3
2022-05-07 10:00:00,-8.87713,79.03864,0.9200000166893005,0,CIRFA22_206771,0.5049999952316284,-0.367000013589859,1010.4
2022-05-07 11:00:00,-8.88339,79.03639,0.9200000166893005,0,CIRFA22_206771,1.6759999990463257,0.40799999237060547,1010.6
2022-05-07 12:00:00,-8.89076,79.03433,0.9200000166893005,0,CIRFA22_206771,2.7079999446868896,1.0889999866485596,1010.5
2022-05-07 13:00:00,-8.89833,79.03303,0.9200000166893005,0,CIRFA22_206771,3.3940000534057617,1.430999994277954,1010.3
2022-05-07 14:00:00,-8.90617,79.03225,0.9200000166893005,0,CIRFA22_206771,3.6489999294281006,1.3949999809265137,1010.0
2022-05-07 15:00:00,-8.91358,79.03191,0.9200000166893005,0,CIRFA22_206771,3.9070000648498535,0.9200000166893005,1009.8
2022-05-07 16:00:00,-8.91974,79.03155,0.9200000166893005,0,CIRFA22_206771,3.940999984741211,0.023000000044703484,1009.8
2022-05-07 17:00:00,-8.92583,79.0314,0.9200000166893005,0,CIRFA22_206771,3.694999933242798,-1.25,1009.6
2022-05-07 18:00:00,-8.9299,79.03186,0.9200000166893005,0,CIRFA22_206771,3.1019999980926514,-2.5369999408721924,1010.1
2022-05-07 19:00:00,-8.9332,79.0326,0.9200000166893005,0,CIRFA22_206771,2.4110000133514404,-3.4110000133514404,1010.2
2022-05-07 20:00:00,-8.93433,79.03287,0.9200000166893005,0,CIRFA22_206771,2.0799999237060547,-3.6740000247955322,1010.7
2022-05-07 21:00:00,-8.93388,79.03231,0.9200000166893005,0,CIRFA22_206771,2.385999917984009,-3.382999897003174,1011.0
2022-05-07 22:00:00,-8.93293,79.03103,0.9200000166893005,0,CIRFA22_206771,2.99399995803833,-2.7750000953674316,1011.2
2022-05-07 23:00:00,-8.93109,79.02917,0.9200000166893005,0,CIRFA22_206771,3.740999937057495,-2.490999937057495,1011.4
2022-05-08 00:00:00,-8.92852,79.02683,1.0,0,CIRFA22_206771,4.4770002365112305,-2.5199999809265137,1011.8
2022-05-08 01:00:00,-8.9255,79.02439,1.0,0,CIRFA22_206771,4.9770002365112305,-2.690000057220459,1011.9
2022-05-08 02:00:00,-8.92303,79.02205,1.0,0,CIRFA22_206771,5.440999984741211,-2.871000051498413,1012.1
2022-05-08 03:00:00,-8.92047,79.01954,1.0,0,CIRFA22_206771,5.642000198364258,-2.7339999675750732,1012.2
2022-05-08 04:00:00,-8.91631,79.01729,1.0,0,CIRFA22_206771,5.64300012588501,-2.569999933242798,1012.4
2022-05-08 05:00:00,-8.91132,79.01547,1.0,0,CIRFA22_206771,5.311999797821045,-2.316999912261963,1012.5
2022-05-08 06:00:00,-8.90393,79.01358,1.0,0,CIRFA22_206771,5.208000183105469,-2.296999931335449,1012.6
2022-05-08 07:00:00,-8.89499,79.01114,1.0,0,CIRFA22_206771,5.052999973297119,-2.128999948501587,1013.0
2022-05-08 08:00:00,-8.8876,79.00798,1.0,0,CIRFA22_206771,5.0269999504089355,-1.9299999475479126,1013.0
2022-05-08 09:00:00,-8.88351,79.00478,1.0,0,CIRFA22_206771,5.059000015258789,-1.6319999694824219,1013.3
2022-05-08 10:00:00,-8.88114,79.00172,1.0,0,CIRFA22_206771,4.140999794006348,-0.8640000224113464,1013.2
2022-05-08 11:00:00,-8.87882,78.99889,1.0,0,CIRFA22_206771,4.546000003814697,-0.23899999260902405,1013.1
2022-05-08 12:00:00,-8.87429,78.99638,1.0,0,CIRFA22_206771,5.130000114440918,0.2919999957084656,1013.2
2022-05-08 13:00:00,-8.86834,78.99377,1.0,0,CIRFA22_206771,5.269999980926514,0.8230000138282776,1013.2
2022-05-08 14:00:00,-8.86359,78.99073,1.0,0,CIRFA22_206771,5.11899995803833,0.9760000109672546,1012.9
2022-05-08 15:00:00,-8.86226,78.98794,1.0,0,CIRFA22_206771,4.8979997634887695,0.3889999985694885,1012.6
2022-05-08 16:00:00,-8.86229,78.98565,1.0,0,CIRFA22_206771,4.650000095367432,-1.1690000295639038,1012.4
2022-05-08 17:00:00,-8.86345,78.98386,1.0,0,CIRFA22_206771,4.314000129699707,-3.002000093460083,1012.7
2022-05-08 18:00:00,-8.86716,78.98237,1.0,0,CIRFA22_206771,3.6470000743865967,-4.11899995803833,1012.7
2022-05-08 19:00:00,-8.87161,78.98069,1.0,0,CIRFA22_206771,3.305000066757202,-4.539000034332275,1013.1
2022-05-08 20:00:00,-8.8747,78.97828,1.0,0,CIRFA22_206771,3.671999931335449,-5.666999816894531,1013.0
2022-05-08 21:00:00,-8.87677,78.97526,1.0,0,CIRFA22_206771,4.01800012588501,-6.322000026702881,1013.2
2022-05-08 22:00:00,-8.8797,78.97134,1.0,0,CIRFA22_206771,4.039999961853027,-6.301000118255615,1013.3
2022-05-08 23:00:00,-8.88613,78.96728,1.0,0,CIRFA22_206771,3.7039999961853027,-6.75600004196167,1013.8
2022-05-09 00:00:00,-8.89685,78.96338,1.0,0,CIRFA22_206771,2.7639999389648438,-6.89300012588501,1013.9
2022-05-09 01:00:00,-8.90915,78.95974,1.0,0,CIRFA22_206771,1.8109999895095825,-6.9039998054504395,1014.6
2022-05-09 02:00:00,-8.92208,78.95625,1.0,0,CIRFA22_206771,1.343000054359436,-7.000999927520752,1015.0
2022-05-09 03:00:00,-8.93455,78.95285,1.0,0,CIRFA22_206771,1.5110000371932983,-7.006999969482422,1015.4
2022-05-09 04:00:00,-8.94595,78.94958,1.0,0,CIRFA22_206771,2.003999948501587,-7.048999786376953,1015.8
2022-05-09 05:00:00,-8.95597,78.94601,1.0,0,CIRFA22_206771,2.546999931335449,-6.9730000495910645,1015.8
2022-05-09 06:00:00,-8.966,78.9415,1.0,0,CIRFA22_206771,3.005000114440918,-7.2789998054504395,1016.2
2022-05-09 07:00:00,-8.97409,78.9359,1.0,0,CIRFA22_206771,3.4070000648498535,-7.409999847412109,1016.6
2022-05-09 08:00:00,-8.98182,78.92957,1.0,0,CIRFA22_206771,3.937999963760376,-7.36899995803833,1016.8
2022-05-09 09:00:00,-8.98872,78.92288,1.0,0,CIRFA22_206771,4.513000011444092,-7.546999931335449,1017.0
2022-05-09 10:00:00,-8.99686,78.91546,1.0,0,CIRFA22_206771,5.041999816894531,-7.442999839782715,1016.7
2022-05-09 11:00:00,-9.00648,78.90673,1.0,0,CIRFA22_206771,5.125,-8.107999801635742,1016.5
2022-05-09 12:00:00,-9.01335,78.89784,1.0,0,CIRFA22_206771,5.0329999923706055,-8.77299976348877,1016.6
2022-05-09 13:00:00,-9.01413,78.88982,1.0,0,CIRFA22_206771,5.047999858856201,-9.145999908447266,1016.6
2022-05-09 14:00:00,-9.01061,78.88251,1.0,0,CIRFA22_206771,5.001999855041504,-9.564000129699707,1016.3
2022-05-09 15:00:00,-9.00187,78.87596,1.0,0,CIRFA22_206771,4.89300012588501,-10.045999526977539,1016.2
2022-05-09 16:00:00,-8.99166,78.86978,1.0,0,CIRFA22_206771,4.488999843597412,-9.256999969482422,1016.3
2022-05-09 17:00:00,-8.98184,78.86362,1.0,0,CIRFA22_206771,4.315999984741211,-8.722000122070312,1016.1
2022-05-09 18:00:00,-8.9737,78.85671,1.0,0,CIRFA22_206771,4.013999938964844,-8.4399995803833,1016.2
2022-05-09 19:00:00,-8.96935,78.84973,1.0,0,CIRFA22_206771,3.6760001182556152,-7.951000213623047,1016.4
2022-05-09 20:00:00,-8.96918,78.84308,1.0,0,CIRFA22_206771,3.5139999389648438,-7.281000137329102,1016.2
2022-05-09 21:00:00,-8.97253,78.83692,1.0,0,CIRFA22_206771,3.500999927520752,-6.297999858856201,1016.3
2022-05-09 22:00:00,-8.97847,78.83128,1.0,0,CIRFA22_206771,2.950000047683716,-6.104000091552734,1016.2
2022-05-09 23:00:00,-8.98455,78.82625,1.0,0,CIRFA22_206771,3.0829999446868896,-5.380000114440918,1016.2
2022-05-10 00:00:00,-8.99024,78.82201,0.8799999952316284,0,CIRFA22_206771,3.3410000801086426,-4.386000156402588,1016.0
2022-05-10 01:00:00,-8.99513,78.81865,0.8799999952316284,0,CIRFA22_206771,3.7219998836517334,-3.313999891281128,1015.5
2022-05-10 02:00:00,-8.99781,78.81596,0.8799999952316284,0,CIRFA22_206771,4.086999893188477,-2.565000057220459,1015.1
2022-05-10 03:00:00,-8.99685,78.81346,0.8799999952316284,0,CIRFA22_206771,4.355000019073486,-1.9279999732971191,1014.8
2022-05-10 04:00:00,-8.99317,78.8109,0.8799999952316284,0,CIRFA22_206771,4.711999893188477,-1.559000015258789,1014.3
2022-05-10 05:00:00,-8.98685,78.80819,0.8799999952316284,0,CIRFA22_206771,4.923999786376953,-1.5410000085830688,1014.2
2022-05-10 06:00:00,-8.97945,78.80523,0.8799999952316284,0,CIRFA22_206771,5.080999851226807,-1.7120000123977661,1013.7
2022-05-10 07:00:00,-8.97327,78.80225,0.8799999952316284,0,CIRFA22_206771,5.129000186920166,-1.9279999732971191,1013.6
2022-05-10 08:00:00,-8.96864,78.79954,0.8799999952316284,0,CIRFA22_206771,4.863999843597412,-1.9789999723434448,1013.5
2022-05-10 09:00:00,-8.96578,78.79713,0.8799999952316284,0,CIRFA22_206771,4.491000175476074,-1.8980000019073486,1013.8
2022-05-10 10:00:00,-8.96446,78.79493,0.8799999952316284,0,CIRFA22_206771,4.223999977111816,-1.6749999523162842,1013.5
2022-05-10 11:00:00,-8.96464,78.79294,0.8799999952316284,0,CIRFA22_206771,3.997999906539917,-1.5420000553131104,1013.9
2022-05-10 12:00:00,-8.96553,78.7913,0.8799999952316284,0,CIRFA22_206771,3.8340001106262207,-1.4529999494552612,1014.0
2022-05-10 13:00:00,-8.96585,78.78989,0.8799999952316284,0,CIRFA22_206771,3.5999999046325684,-1.5980000495910645,1013.7
2022-05-10 14:00:00,-8.96553,78.78853,0.8799999952316284,0,CIRFA22_206771,3.1630001068115234,-1.878000020980835,1013.7
2022-05-10 15:00:00,-8.96504,78.78713,0.8799999952316284,0,CIRFA22_206771,2.434999942779541,-2.3340001106262207,1013.6
2022-05-10 16:00:00,-8.96444,78.78551,0.8799999952316284,0,CIRFA22_206771,1.2549999952316284,-2.8940000534057617,1013.5
2022-05-10 17:00:00,-8.96445,78.78354,0.8799999952316284,0,CIRFA22_206771,0.19499999284744263,-3.0759999752044678,1013.7
2022-05-10 18:00:00,-8.96621,78.78138,0.8799999952316284,0,CIRFA22_206771,-0.5659999847412109,-3.194999933242798,1013.7
2022-05-10 19:00:00,-8.97064,78.77928,0.8799999952316284,0,CIRFA22_206771,-1.034000039100647,-3.4100000858306885,1014.5
2022-05-10 20:00:00,-8.97696,78.7775,0.8799999952316284,0,CIRFA22_206771,-1.2339999675750732,-3.7950000762939453,1014.7
2022-05-10 21:00:00,-8.98428,78.77607,0.8799999952316284,0,CIRFA22_206771,-1.2999999523162842,-4.309999942779541,1015.0
2022-05-10 22:00:00,-8.9923,78.77484,0.8799999952316284,0,CIRFA22_206771,-1.0750000476837158,-5.289999961853027,1015.2
2022-05-10 23:00:00,-9.00155,78.77379,0.8799999952316284,0,CIRFA22_206771,-0.9440000057220459,-5.51800012588501,1015.1
2022-05-11 00:00:00,-9.0121,78.77288,0.9100000262260437,0,CIRFA22_206771,-0.7870000004768372,-5.881999969482422,1015.4
2022-05-11 01:00:00,-9.02371,78.7722,0.9100000262260437,0,CIRFA22_206771,-0.722000002861023,-6.276000022888184,1015.4
2022-05-11 02:00:00,-9.03395,78.77181,0.9100000262260437,0,CIRFA22_206771,-0.6919999718666077,-6.598999977111816,1015.7
2022-05-11 03:00:00,-9.04293,78.77123,0.9100000262260437,0,CIRFA22_206771,-0.7200000286102295,-6.834000110626221,1015.6
2022-05-11 04:00:00,-9.05174,78.77018,0.9100000262260437,0,CIRFA22_206771,-0.6790000200271606,-6.90500020980835,1015.6
2022-05-11 05:00:00,-9.05967,78.7686,0.9100000262260437,0,CIRFA22_206771,-0.5669999718666077,-6.998000144958496,1015.9
2022-05-11 06:00:00,-9.06696,78.76654,0.9100000262260437,0,CIRFA22_206771,-0.47699999809265137,-7.110000133514404,1015.6
2022-05-11 07:00:00,-9.0738,78.7641,0.9100000262260437,0,CIRFA22_206771,-0.36800000071525574,-7.114999771118164,1016.1
2022-05-11 08:00:00,-9.07967,78.76129,0.9100000262260437,0,CIRFA22_206771,-0.22599999606609344,-7.058000087738037,1016.1
2022-05-11 09:00:00,-9.08694,78.75806,0.9100000262260437,0,CIRFA22_206771,-0.12999999523162842,-7.026000022888184,1016.2
2022-05-11 10:00:00,-9.09586,78.75476,0.9100000262260437,0,CIRFA22_206771,0.4490000009536743,-7.144999980926514,1016.0
2022-05-11 11:00:00,-9.10717,78.75169,0.9100000262260437,0,CIRFA22_206771,0.5109999775886536,-7.038000106811523,1016.0
2022-05-11 12:00:00,-9.11841,78.74887,0.9100000262260437,0,CIRFA22_206771,0.6240000128746033,-6.96999979019165,1016.0
2022-05-11 13:00:00,-9.1295,78.74594,0.9100000262260437,0,CIRFA22_206771,0.8230000138282776,-6.500999927520752,1016.1
2022-05-11 14:00:00,-9.14037,78.74268,0.9100000262260437,0,CIRFA22_206771,1.184999942779541,-6.244999885559082,1015.9
2022-05-11 15:00:00,-9.15082,78.73897,0.9100000262260437,0,CIRFA22_206771,1.437000036239624,-5.9670000076293945,1015.3
2022-05-11 16:00:00,-9.16127,78.73513,0.9100000262260437,0,CIRFA22_206771,1.4809999465942383,-5.78000020980835,1015.2
2022-05-11 17:00:00,-9.16946,78.73158,0.9100000262260437,0,CIRFA22_206771,1.503000020980835,-5.25600004196167,1015.1
2022-05-11 18:00:00,-9.17466,78.72824,0.9100000262260437,0,CIRFA22_206771,1.5219999551773071,-4.822000026702881,1015.0
2022-05-11 19:00:00,-9.17984,78.72497,0.9100000262260437,0,CIRFA22_206771,1.534999966621399,-4.364999771118164,1015.1
2022-05-11 20:00:00,-9.18876,78.72184,0.9100000262260437,0,CIRFA22_206771,1.7410000562667847,-4.00600004196167,1015.2
2022-05-11 21:00:00,-9.19895,78.7194,0.9100000262260437,0,CIRFA22_206771,1.909000039100647,-3.7790000438690186,1015.1
2022-05-11 22:00:00,-9.20861,78.71763,0.9100000262260437,0,CIRFA22_206771,1.9819999933242798,-3.9110000133514404,1014.8
2022-05-11 23:00:00,-9.21725,78.7165,0.9100000262260437,0,CIRFA22_206771,1.7929999828338623,-3.9240000247955322,1014.3
2022-05-12 00:00:00,-9.22442,78.71597,0.9399999976158142,0,CIRFA22_206771,1.3680000305175781,-4.019000053405762,1014.5
2022-05-12 01:00:00,-9.23005,78.7156,0.9399999976158142,0,CIRFA22_206771,0.8479999899864197,-4.229000091552734,1014.3
2022-05-12 02:00:00,-9.2352,78.71498,0.9399999976158142,0,CIRFA22_206771,0.3269999921321869,-4.202000141143799,1013.9
2022-05-12 03:00:00,-9.24038,78.71396,0.9399999976158142,0,CIRFA22_206771,-0.3400000035762787,-4.171999931335449,1013.6
2022-05-12 04:00:00,-9.24649,78.71256,0.9399999976158142,0,CIRFA22_206771,-0.824999988079071,-3.986999988555908,1013.5
2022-05-12 05:00:00,-9.25371,78.71088,0.9399999976158142,0,CIRFA22_206771,-1.2610000371932983,-3.8269999027252197,1013.3
2022-05-12 06:00:00,-9.26262,78.70906,0.9399999976158142,0,CIRFA22_206771,-1.409999966621399,-3.6050000190734863,1013.6
2022-05-12 07:00:00,-9.27219,78.70755,0.9399999976158142,0,CIRFA22_206771,-1.3339999914169312,-3.4210000038146973,1013.4
2022-05-12 08:00:00,-9.28126,78.70656,0.9399999976158142,0,CIRFA22_206771,-1.1069999933242798,-3.3429999351501465,1013.7
2022-05-12 09:00:00,-9.2896,78.70613,0.9399999976158142,0,CIRFA22_206771,-0.9480000138282776,-3.190000057220459,1013.5
2022-05-12 10:00:00,-9.29711,78.70605,0.9399999976158142,0,CIRFA22_206771,-1.0180000066757202,-3.3010001182556152,1013.2
2022-05-12 11:00:00,-9.30365,78.70623,0.9399999976158142,0,CIRFA22_206771,-1.1230000257492065,-3.197999954223633,1013.2
2022-05-12 12:00:00,-9.30953,78.70641,0.9399999976158142,0,CIRFA22_206771,-1.3539999723434448,-3.181999921798706,1013.1
2022-05-12 13:00:00,-9.31518,78.70633,0.9399999976158142,0,CIRFA22_206771,-1.5169999599456787,-3.2090001106262207,1013.0
2022-05-12 14:00:00,-9.32157,78.70578,0.9399999976158142,0,CIRFA22_206771,-1.5889999866485596,-3.2039999961853027,1012.7
2022-05-12 15:00:00,-9.32957,78.70472,0.9399999976158142,0,CIRFA22_206771,-1.7450000047683716,-3.134999990463257,1012.7
2022-05-12 16:00:00,-9.33961,78.70329,0.9399999976158142,0,CIRFA22_206771,-1.930999994277954,-3.0460000038146973,1012.4
2022-05-12 17:00:00,-9.35115,78.70169,0.9399999976158142,0,CIRFA22_206771,-2.053999900817871,-2.924999952316284,1012.4
2022-05-12 18:00:00,-9.36307,78.70018,0.9399999976158142,0,CIRFA22_206771,-2.1679999828338623,-2.6419999599456787,1012.1
2022-05-12 19:00:00,-9.37429,78.69904,0.9399999976158142,0,CIRFA22_206771,-1.9930000305175781,-2.305000066757202,1012.3
2022-05-12 20:00:00,-9.38348,78.69847,0.9399999976158142,0,CIRFA22_206771,-1.6100000143051147,-1.965999960899353,1012.2
2022-05-12 21:00:00,-9.38971,78.69845,0.9399999976158142,0,CIRFA22_206771,-1.2869999408721924,-1.9670000076293945,1012.2
2022-05-12 22:00:00,-9.3941,78.69883,0.9399999976158142,0,CIRFA22_206771,-0.8019999861717224,-2.244999885559082,1011.9
2022-05-12 23:00:00,-9.39687,78.69944,0.9399999976158142,0,CIRFA22_206771,-0.621999979019165,-2.236999988555908,1011.8
2022-05-13 00:00:00,-9.39862,78.69996,1.0,0,CIRFA22_206771,-0.45399999618530273,-2.4749999046325684,1011.7
2022-05-13 01:00:00,-9.39944,78.7001,1.0,0,CIRFA22_206771,-0.26600000262260437,-2.818000078201294,1011.6
2022-05-13 02:00:00,-9.40044,78.69977,1.0,0,CIRFA22_206771,-0.21799999475479126,-3.2070000171661377,1011.6
2022-05-13 03:00:00,-9.40308,78.69898,1.0,0,CIRFA22_206771,-0.2540000081062317,-3.4670000076293945,1011.3
2022-05-13 04:00:00,-9.40728,78.69778,1.0,0,CIRFA22_206771,-0.41999998688697815,-3.5959999561309814,1011.1
2022-05-13 05:00:00,-9.41346,78.69625,1.0,0,CIRFA22_206771,-0.9599999785423279,-3.5950000286102295,1011.0
2022-05-13 06:00:00,-9.42169,78.69464,1.0,0,CIRFA22_206771,-1.5080000162124634,-3.384000062942505,1011.1
2022-05-13 07:00:00,-9.43167,78.69319,1.0,0,CIRFA22_206771,-1.7480000257492065,-3.0910000801086426,1011.1
2022-05-13 08:00:00,-9.4422,78.69209,1.0,0,CIRFA22_206771,-1.6100000143051147,-2.882999897003174,1011.1
2022-05-13 09:00:00,-9.45179,78.69145,1.0,0,CIRFA22_206771,-1.190000057220459,-3.0399999618530273,1011.2
2022-05-13 10:00:00,-9.46027,78.69117,1.0,0,CIRFA22_206771,-1.3329999446868896,-2.9820001125335693,1010.9
2022-05-13 11:00:00,-9.46708,78.69107,1.0,0,CIRFA22_206771,-0.8859999775886536,-3.5329999923706055,1011.0
2022-05-13 12:00:00,-9.47196,78.6909,1.0,0,CIRFA22_206771,-0.7639999985694885,-3.9590001106262207,1011.0
2022-05-13 13:00:00,-9.47612,78.69041,1.0,0,CIRFA22_206771,-0.9739999771118164,-4.202000141143799,1011.2
2022-05-13 14:00:00,-9.48036,78.68942,1.0,0,CIRFA22_206771,-1.2790000438690186,-4.26800012588501,1011.1
2022-05-13 15:00:00,-9.48726,78.68755,1.0,0,CIRFA22_206771,-1.430999994277954,-4.388999938964844,1011.4
2022-05-13 16:00:00,-9.49772,78.68481,1.0,0,CIRFA22_206771,-1.4539999961853027,-4.520999908447266,1011.2
2022-05-13 17:00:00,-9.51187,78.68143,1.0,0,CIRFA22_206771,-1.4589999914169312,-4.664999961853027,1011.3
2022-05-13 18:00:00,-9.52915,78.67774,1.0,0,CIRFA22_206771,-1.4910000562667847,-4.90500020980835,1011.1
2022-05-13 19:00:00,-9.54876,78.67414,1.0,0,CIRFA22_206771,-1.3910000324249268,-5.1539998054504395,1011.5
2022-05-13 20:00:00,-9.56882,78.67112,1.0,0,CIRFA22_206771,-1.3650000095367432,-5.388999938964844,1011.3
2022-05-13 21:00:00,-9.58789,78.66877,1.0,0,CIRFA22_206771,-1.4040000438690186,-5.557000160217285,1011.6
2022-05-13 22:00:00,-9.60446,78.66717,1.0,0,CIRFA22_206771,-1.1430000066757202,-5.822999954223633,1011.4
2022-05-13 23:00:00,-9.61729,78.66617,1.0,0,CIRFA22_206771,-1.184999942779541,-5.810999870300293,1011.5
2022-05-14 00:00:00,-9.62601,78.66548,0.9399999976158142,0,CIRFA22_206771,-1.1089999675750732,-5.7230000495910645,1011.8
2022-05-14 01:00:00,-9.63096,78.66465,0.9399999976158142,0,CIRFA22_206771,-1.0230000019073486,-5.73199987411499,1011.7
2022-05-14 02:00:00,-9.63378,78.66327,0.9399999976158142,0,CIRFA22_206771,-0.8479999899864197,-5.835000038146973,1011.8
2022-05-14 03:00:00,-9.63691,78.66092,0.9399999976158142,0,CIRFA22_206771,-0.9350000023841858,-6.126999855041504,1011.7
2022-05-14 04:00:00,-9.64305,78.65748,0.9399999976158142,0,CIRFA22_206771,-1.0540000200271606,-6.228000164031982,1011.7
2022-05-14 05:00:00,-9.65385,78.65308,0.9399999976158142,0,CIRFA22_206771,-1.2170000076293945,-6.288000106811523,1011.8
2022-05-14 06:00:00,-9.66927,78.64798,0.9399999976158142,0,CIRFA22_206771,-1.2760000228881836,-6.206999778747559,1012.0
2022-05-14 07:00:00,-9.68933,78.6427,0.9399999976158142,0,CIRFA22_206771,-1.25,-6.208000183105469,1012.4
2022-05-14 08:00:00,-9.71196,78.63796,0.9399999976158142,0,CIRFA22_206771,-1.2489999532699585,-6.165999889373779,1012.5
2022-05-14 09:00:00,-9.73488,78.63407,0.9399999976158142,0,CIRFA22_206771,-1.187000036239624,-6.264999866485596,1012.7
2022-05-14 10:00:00,-9.75636,78.63116,0.9399999976158142,0,CIRFA22_206771,-1.062999963760376,-5.754000186920166,1012.5
2022-05-14 11:00:00,-9.77389,78.62927,0.9399999976158142,0,CIRFA22_206771,-0.8809999823570251,-5.86899995803833,1012.6
2022-05-14 12:00:00,-9.78552,78.62819,0.9399999976158142,0,CIRFA22_206771,-0.9399999976158142,-5.931000232696533,1012.8
2022-05-14 13:00:00,-9.79102,78.62733,0.9399999976158142,0,CIRFA22_206771,-1.0420000553131104,-5.870999813079834,1013.0
2022-05-14 14:00:00,-9.79256,78.62607,0.9399999976158142,0,CIRFA22_206771,-0.9079999923706055,-5.809000015258789,1013.2
2022-05-14 15:00:00,-9.79302,78.62373,0.9399999976158142,0,CIRFA22_206771,-0.4339999854564667,-5.6529998779296875,1013.4
2022-05-14 16:00:00,-9.7941,78.62001,0.9399999976158142,0,CIRFA22_206771,-0.34299999475479126,-5.811999797821045,1013.2
2022-05-14 17:00:00,-9.79845,78.61482,0.9399999976158142,0,CIRFA22_206771,-0.2540000081062317,-6.0279998779296875,1013.5
2022-05-14 18:00:00,-9.80769,78.60876,0.9399999976158142,0,CIRFA22_206771,-0.1899999976158142,-6.182000160217285,1013.3
2022-05-14 19:00:00,-9.82194,78.60234,0.9399999976158142,0,CIRFA22_206771,-0.14100000262260437,-6.2870001792907715,1014.1
2022-05-14 20:00:00,-9.83941,78.59621,0.9399999976158142,0,CIRFA22_206771,-0.02199999988079071,-6.2210001945495605,1013.9
2022-05-14 21:00:00,-9.85677,78.59108,0.9399999976158142,0,CIRFA22_206771,0.1340000033378601,-6.2230000495910645,1014.4
2022-05-14 22:00:00,-9.87135,78.58738,0.9399999976158142,0,CIRFA22_206771,0.4790000021457672,-5.890999794006348,1014.2
2022-05-14 23:00:00,-9.88139,78.58507,0.9399999976158142,0,CIRFA22_206771,0.6060000061988831,-5.815000057220459,1014.2
2022-05-15 00:00:00,-9.8859,78.58374,0.9200000166893005,0,CIRFA22_206771,0.6740000247955322,-5.610000133514404,1014.5
2022-05-15 01:00:00,-9.8857,78.58284,0.9200000166893005,0,CIRFA22_206771,0.7289999723434448,-5.5269999504089355,1014.4
2022-05-15 02:00:00,-9.88297,78.58193,0.9200000166893005,0,CIRFA22_206771,0.9380000233650208,-5.468999862670898,1014.6
2022-05-15 03:00:00,-9.87873,78.58035,0.9200000166893005,0,CIRFA22_206771,0.8730000257492065,-5.494999885559082,1014.9
2022-05-15 04:00:00,-9.87484,78.57758,0.9200000166893005,0,CIRFA22_206771,0.9229999780654907,-5.26200008392334,1014.9
2022-05-15 05:00:00,-9.87363,78.5736,0.9200000166893005,0,CIRFA22_206771,1.027999997138977,-5.164000034332275,1015.1
2022-05-15 06:00:00,-9.87608,78.56854,0.9200000166893005,0,CIRFA22_206771,1.36899995803833,-5.260000228881836,1015.5
2022-05-15 07:00:00,-9.8822,78.56295,0.9200000166893005,0,CIRFA22_206771,1.7419999837875366,-5.236000061035156,1016.0
2022-05-15 08:00:00,-9.89194,78.55746,0.9200000166893005,0,CIRFA22_206771,2.140000104904175,-5.3429999351501465,1016.4
2022-05-15 09:00:00,-9.903,78.55272,0.9200000166893005,0,CIRFA22_206771,2.433000087738037,-5.698999881744385,1016.7
2022-05-15 10:00:00,-9.91324,78.549,0.9200000166893005,0,CIRFA22_206771,2.372999906539917,-5.232999801635742,1016.4
2022-05-15 11:00:00,-9.92007,78.54656,0.9200000166893005,0,CIRFA22_206771,2.375,-5.433000087738037,1016.7
2022-05-15 12:00:00,-9.92128,78.54519,0.9200000166893005,0,CIRFA22_206771,2.1689999103546143,-5.38700008392334,1017.2
2022-05-15 13:00:00,-9.91596,78.5443,0.9200000166893005,0,CIRFA22_206771,1.9329999685287476,-5.144000053405762,1017.2
2022-05-15 14:00:00,-9.90553,78.54332,0.9200000166893005,0,CIRFA22_206771,1.878000020980835,-4.724999904632568,1018.0
2022-05-15 15:00:00,-9.89278,78.54171,0.9200000166893005,0,CIRFA22_206771,2.2269999980926514,-4.261000156402588,1018.0
2022-05-15 16:00:00,-9.87959,78.53916,0.9200000166893005,0,CIRFA22_206771,2.7109999656677246,-3.9679999351501465,1018.4
2022-05-15 17:00:00,-9.86763,78.53572,0.9200000166893005,0,CIRFA22_206771,3.0769999027252197,-3.752000093460083,1018.6
2022-07-11 02:00:00,-15.32477,75.81998,0.5600000023841858,0,CIRFA22_206771,0.8230000138282776,4.448999881744385,1006.0
2022-07-11 03:00:00,-15.31775,75.82508,0.5600000023841858,0,CIRFA22_206771,1.128999948501587,4.060999870300293,1006.0
2022-07-11 04:00:00,-15.30906,75.8287,0.5600000023841858,0,CIRFA22_206771,1.0870000123977661,3.7269999980926514,1005.8
2022-07-11 05:00:00,-15.29928,75.83109,0.5600000023841858,0,CIRFA22_206771,0.8769999742507935,3.3889999389648438,1005.6
2022-07-11 06:00:00,-15.29093,75.83134,0.5600000023841858,0,CIRFA22_206771,0.859000027179718,2.815000057220459,1005.7
2022-07-11 07:00:00,-15.28604,75.8294,0.5600000023841858,0,CIRFA22_206771,0.8769999742507935,1.847000002861023,1005.7
2022-07-11 08:00:00,-15.28713,75.82596,0.5600000023841858,0,CIRFA22_206771,0.34700000286102295,1.1519999504089355,1006.1
2022-07-11 09:00:00,-15.29756,75.8212,0.5600000023841858,0,CIRFA22_206771,-0.8579999804496765,1.2799999713897705,1006.5
2022-07-11 10:00:00,-15.31727,75.81583,0.5600000023841858,0,CIRFA22_206771,-1.597000002861023,1.621999979019165,1006.7
2022-07-11 11:00:00,-15.34462,75.81088,0.5600000023841858,0,CIRFA22_206771,-1.065000057220459,1.1770000457763672,1006.6
2022-07-11 12:00:00,-15.36034,75.80891,0.5600000023841858,0,CIRFA22_206771,-0.30300000309944153,-0.0010000000474974513,1006.7
2022-07-11 13:00:00,-15.37751,75.80865,0.5600000023841858,0,CIRFA22_206771,0.017999999225139618,-1.3819999694824219,1006.8
2022-07-11 14:00:00,-15.43245,75.80656,0.5600000023841858,0,CIRFA22_206771,0.19599999487400055,-2.5869998931884766,1006.6
2022-07-11 15:00:00,-15.46384,75.80613,0.5600000023841858,0,CIRFA22_206771,0.06499999761581421,-3.5230000019073486,1006.8
2022-07-11 16:00:00,-15.49126,75.80616,0.5600000023841858,0,CIRFA22_206771,-0.6019999980926514,-4.214000225067139,1007.1
2022-07-11 17:00:00,-15.51297,75.80549,0.5600000023841858,0,CIRFA22_206771,-0.9259999990463257,-4.554999828338623,1007.2
2022-07-11 18:00:00,-15.53404,75.80342,0.5600000023841858,0,CIRFA22_206771,-0.6919999718666077,-4.9770002365112305,1007.3
2022-07-11 19:00:00,-15.55341,75.80028,0.5600000023841858,0,CIRFA22_206771,-0.1420000046491623,-5.39300012588501,1007.4
2022-07-11 20:00:00,-15.57251,75.7972,0.5600000023841858,0,CIRFA22_206771,0.5210000276565552,-5.960000038146973,1007.7
2022-07-11 21:00:00,-15.59432,75.79301,0.5600000023841858,0,CIRFA22_206771,0.9390000104904175,-6.565000057220459,1007.6
2022-07-11 22:00:00,-15.62049,75.78842,0.5600000023841858,0,CIRFA22_206771,0.6549999713897705,-6.960000038146973,1007.9
2022-07-11 23:00:00,-15.64936,75.78399,0.5600000023841858,0,CIRFA22_206771,0.9319999814033508,-7.382999897003174,1008.1
2022-07-12 00:00:00,-15.68475,75.77981,0.5799999833106995,0,CIRFA22_206771,1.059000015258789,-7.5929999351501465,1008.2
2022-07-12 01:00:00,-15.72125,75.77683,0.5799999833106995,0,CIRFA22_206771,0.8949999809265137,-7.584000110626221,1007.8
2022-07-12 02:00:00,-15.75616,75.7746,0.5799999833106995,0,CIRFA22_206771,0.9169999957084656,-7.6020002365112305,1007.7
2022-07-12 03:00:00,-15.79015,75.77335,0.5799999833106995,0,CIRFA22_206771,0.9449999928474426,-7.598999977111816,1007.5
2022-07-12 04:00:00,-15.82052,75.77266,0.5799999833106995,0,CIRFA22_206771,0.7210000157356262,-7.559999942779541,1007.5
2022-07-12 05:00:00,-15.84816,75.772,0.5799999833106995,0,CIRFA22_206771,0.6019999980926514,-7.515999794006348,1007.1
2022-07-12 06:00:00,-15.87348,75.77131,0.5799999833106995,0,CIRFA22_206771,0.7509999871253967,-7.243000030517578,1007.0
2022-07-12 07:00:00,-15.89506,75.76948,0.5799999833106995,0,CIRFA22_206771,0.9620000123977661,-6.71999979019165,1006.8
2022-07-12 08:00:00,-15.9167,75.76649,0.5799999833106995,0,CIRFA22_206771,1.284000039100647,-6.539999961853027,1006.9
2022-07-12 09:00:00,-15.93958,75.76284,0.5799999833106995,0,CIRFA22_206771,1.3639999628067017,-6.251999855041504,1006.7
2022-07-12 10:00:00,-15.9646,75.75896,0.5799999833106995,0,CIRFA22_206771,2.003000020980835,-5.579999923706055,1006.5
2022-07-12 11:00:00,-15.99113,75.75565,0.5799999833106995,0,CIRFA22_206771,1.628000020980835,-5.0879998207092285,1006.3
2022-07-12 12:00:00,-16.01758,75.75351,0.5799999833106995,0,CIRFA22_206771,1.062999963760376,-4.896999835968018,1005.9
2022-07-12 13:00:00,-16.04254,75.753,0.5799999833106995,0,CIRFA22_206771,0.6290000081062317,-4.552000045776367,1005.5
2022-07-12 14:00:00,-16.06521,75.75366,0.5799999833106995,0,CIRFA22_206771,0.8479999899864197,-3.996000051498413,1005.3
2022-07-12 15:00:00,-16.08413,75.75518,0.5799999833106995,0,CIRFA22_206771,1.3170000314712524,-3.5369999408721924,1004.6
2022-07-12 16:00:00,-16.09982,75.75738,0.5799999833106995,0,CIRFA22_206771,0.8859999775886536,-3.1689999103546143,1004.1
2022-07-12 17:00:00,-16.11412,75.75968,0.5799999833106995,0,CIRFA22_206771,0.2630000114440918,-2.9560000896453857,1003.3
2022-07-12 18:00:00,-16.12872,75.762,0.5799999833106995,0,CIRFA22_206771,-0.39100000262260437,-1.9210000038146973,1003.2
2022-07-12 19:00:00,-16.14134,75.76429,0.5799999833106995,0,CIRFA22_206771,-0.46700000762939453,-1.6579999923706055,1002.6
2022-07-12 20:00:00,-16.15235,75.76612,0.5799999833106995,0,CIRFA22_206771,-0.20499999821186066,-1.7990000247955322,1002.6
2022-07-12 21:00:00,-16.16203,75.76756,0.5799999833106995,0,CIRFA22_206771,-0.08900000154972076,-1.7419999837875366,1002.1
2022-07-12 22:00:00,-16.17215,75.76814,0.5799999833106995,0,CIRFA22_206771,-0.7580000162124634,-2.325000047683716,1002.0
2022-07-12 23:00:00,-16.18195,75.7689,0.5799999833106995,0,CIRFA22_206771,-0.6959999799728394,-2.431999921798706,1001.6
2022-07-13 00:00:00,-16.19079,75.77012,0.8399999737739563,0,CIRFA22_206771,-0.8040000200271606,-2.624000072479248,1001.3
2022-07-13 01:00:00,-16.19733,75.77201,0.8399999737739563,0,CIRFA22_206771,-0.7979999780654907,-2.615000009536743,1001.0
2022-07-13 02:00:00,-16.20235,75.7742,0.8399999737739563,0,CIRFA22_206771,-0.5090000033378601,-2.8440001010894775,1000.7
2022-07-13 03:00:00,-16.20637,75.77621,0.8399999737739563,0,CIRFA22_206771,-0.3009999990463257,-3.3350000381469727,1000.6
2022-07-13 04:00:00,-16.21143,75.77779,0.8399999737739563,0,CIRFA22_206771,0.19200000166893005,-4.078999996185303,1000.6
2022-07-13 05:00:00,-16.21819,75.77856,0.8399999737739563,0,CIRFA22_206771,0.39899998903274536,-4.702000141143799,1000.3
2022-07-13 06:00:00,-16.22551,75.77817,0.8399999737739563,0,CIRFA22_206771,0.24699999392032623,-5.183000087738037,1000.6
2022-07-13 07:00:00,-16.23602,75.77652,0.8399999737739563,0,CIRFA22_206771,0.3840000033378601,-5.833000183105469,1000.5
2022-07-13 08:00:00,-16.25065,75.77356,0.8399999737739563,0,CIRFA22_206771,0.5059999823570251,-6.446000099182129,1000.8
2022-07-13 09:00:00,-16.27174,75.76945,0.8399999737739563,0,CIRFA22_206771,0.503000020980835,-7.020999908447266,1001.0
2022-07-13 10:00:00,-16.29844,75.76458,0.8399999737739563,0,CIRFA22_206771,0.8169999718666077,-6.880000114440918,1001.2
2022-07-13 11:00:00,-16.32727,75.7596,0.8399999737739563,0,CIRFA22_206771,0.6930000185966492,-7.394999980926514,1001.3
2022-07-13 12:00:00,-16.35855,75.75431,0.8399999737739563,0,CIRFA22_206771,0.5509999990463257,-7.834000110626221,1001.3
2022-07-13 13:00:00,-16.39054,75.74907,0.8399999737739563,0,CIRFA22_206771,0.3779999911785126,-7.906000137329102,1001.5
2022-07-13 14:00:00,-16.42349,75.74517,0.8399999737739563,0,CIRFA22_206771,0.3059999942779541,-8.112000465393066,1001.8
2022-07-13 15:00:00,-16.45558,75.74231,0.8399999737739563,0,CIRFA22_206771,0.5950000286102295,-8.237000465393066,1001.7
2022-07-13 16:00:00,-16.48693,75.74029,0.8399999737739563,0,CIRFA22_206771,0.9919999837875366,-8.604000091552734,1002.0
2022-07-13 17:00:00,-16.51705,75.73858,0.8399999737739563,0,CIRFA22_206771,1.1399999856948853,-9.043999671936035,1001.8
2022-07-13 18:00:00,-16.54711,75.73663,0.8399999737739563,0,CIRFA22_206771,0.8320000171661377,-9.588000297546387,1002.2
2022-07-13 19:00:00,-16.57706,75.73443,0.8399999737739563,0,CIRFA22_206771,0.41499999165534973,-9.913999557495117,1002.3
2022-07-13 20:00:00,-16.60804,75.73194,0.8399999737739563,0,CIRFA22_206771,0.2290000021457672,-10.225000381469727,1002.9
2022-07-13 21:00:00,-16.64157,75.72809,0.8399999737739563,0,CIRFA22_206771,0.5789999961853027,-10.496000289916992,1003.4
2022-07-13 22:00:00,-16.67528,75.72402,0.8399999737739563,0,CIRFA22_206771,1.1419999599456787,-10.479999542236328,1004.0
2022-07-13 23:00:00,-16.70923,75.71907,0.8399999737739563,0,CIRFA22_206771,1.4210000038146973,-10.937000274658203,1004.7
2022-07-14 00:00:00,-16.74154,75.71294,0.9300000071525574,0,CIRFA22_206771,1.656000018119812,-11.5,1004.9
2022-07-14 01:00:00,-16.77567,75.70654,0.9300000071525574,0,CIRFA22_206771,2.0840001106262207,-11.88700008392334,1005.4
2022-07-14 02:00:00,-16.80715,75.69888,0.9300000071525574,0,CIRFA22_206771,2.38100004196167,-12.062999725341797,1005.4
2022-07-14 03:00:00,-16.83912,75.69045,0.9300000071525574,0,CIRFA22_206771,2.7720000743865967,-12.333000183105469,1005.9
2022-07-14 04:00:00,-16.8731,75.68137,0.9300000071525574,0,CIRFA22_206771,3.246000051498413,-12.690999984741211,1006.6
2022-07-14 05:00:00,-16.91394,75.67261,0.9300000071525574,0,CIRFA22_206771,3.825000047683716,-13.243000030517578,1007.3
2022-07-14 06:00:00,-16.95837,75.66454,0.9300000071525574,0,CIRFA22_206771,3.996000051498413,-13.503999710083008,1007.9
2022-07-14 07:00:00,-17.00762,75.65647,0.9300000071525574,0,CIRFA22_206771,4.238999843597412,-13.657999992370605,1008.4
2022-07-14 08:00:00,-17.05814,75.64777,0.9300000071525574,0,CIRFA22_206771,4.353000164031982,-13.755999565124512,1009.1
2022-07-14 09:00:00,-17.07313,75.63867,0.9300000071525574,0,CIRFA22_206771,4.473999977111816,-13.824000358581543,1009.5
2022-07-14 10:00:00,-17.06518,75.62693,0.9300000071525574,0,CIRFA22_206771,4.5920000076293945,-12.819000244140625,1010.3
2022-07-14 11:00:00,-17.05834,75.61415,0.9300000071525574,0,CIRFA22_206771,4.320000171661377,-13.729999542236328,1010.1
2022-07-14 12:00:00,-17.05407,75.60019,0.9300000071525574,0,CIRFA22_206771,4.285999774932861,-13.883999824523926,1010.2
2022-07-14 13:00:00,-17.04716,75.58479,0.9300000071525574,0,CIRFA22_206771,4.480000019073486,-14.098999977111816,1010.7
2022-07-14 14:00:00,-17.03963,75.56784,0.9300000071525574,0,CIRFA22_206771,4.5329999923706055,-14.187000274658203,1011.0
2022-07-14 15:00:00,-17.03154,75.5497,0.9300000071525574,0,CIRFA22_206771,4.5329999923706055,-14.277000427246094,1011.3
2022-07-14 16:00:00,-17.02763,75.53054,0.9300000071525574,0,CIRFA22_206771,4.568999767303467,-14.35099983215332,1011.4
2022-07-14 17:00:00,-17.02798,75.51028,0.9300000071525574,0,CIRFA22_206771,4.427999973297119,-14.406000137329102,1011.9
2022-07-14 18:00:00,-17.02651,75.49208,0.9300000071525574,0,CIRFA22_206771,4.103000164031982,-14.265999794006348,1012.3
2022-07-14 19:00:00,-17.02192,75.47662,0.9300000071525574,0,CIRFA22_206771,3.7750000953674316,-13.975000381469727,1012.5
2022-07-14 20:00:00,-17.01511,75.46197,0.9300000071525574,0,CIRFA22_206771,3.572000026702881,-13.692999839782715,1013.0
2022-07-14 21:00:00,-17.00814,75.44788,0.9300000071525574,0,CIRFA22_206771,3.3489999771118164,-13.378000259399414,1013.2
2022-07-14 22:00:00,-17.001,75.43494,0.9300000071525574,0,CIRFA22_206771,3.0199999809265137,-12.51099967956543,1013.8
2022-07-14 23:00:00,-16.98735,75.42259,0.9300000071525574,0,CIRFA22_206771,3.055000066757202,-11.989999771118164,1014.0
2022-07-15 00:00:00,-16.97105,75.41029,0.6600000262260437,0,CIRFA22_206771,2.9010000228881836,-11.819999694824219,1014.0
2022-07-15 01:00:00,-16.95442,75.39716,0.6600000262260437,0,CIRFA22_206771,2.4670000076293945,-11.611000061035156,1014.2
2022-07-15 02:00:00,-16.93647,75.38419,0.6600000262260437,0,CIRFA22_206771,1.9459999799728394,-11.27299976348877,1014.2
2022-07-15 03:00:00,-16.91976,75.37122,0.6600000262260437,0,CIRFA22_206771,1.2319999933242798,-11.630000114440918,1013.7
2022-07-15 04:00:00,-16.90464,75.35847,0.6600000262260437,0,CIRFA22_206771,0.8889999985694885,-10.98900032043457,1014.2
2022-07-15 05:00:00,-16.8901,75.34625,0.6600000262260437,0,CIRFA22_206771,0.574999988079071,-10.329000473022461,1014.1
2022-07-15 06:00:00,-16.87413,75.33524,0.6600000262260437,0,CIRFA22_206771,0.40799999237060547,-9.585000038146973,1014.1
2022-07-15 07:00:00,-16.85838,75.3253,0.6600000262260437,0,CIRFA22_206771,0.4129999876022339,-8.76099967956543,1014.4
2022-07-15 08:00:00,-16.843,75.31635,0.6600000262260437,0,CIRFA22_206771,0.29899999499320984,-8.03600025177002,1014.4
2022-07-15 09:00:00,-16.82786,75.30827,0.6600000262260437,0,CIRFA22_206771,0.19599999487400055,-7.540999889373779,1014.5
2022-07-15 10:00:00,-16.81135,75.30086,0.6600000262260437,0,CIRFA22_206771,-0.03999999910593033,-7.505000114440918,1013.7
2022-07-15 11:00:00,-16.7946,75.29362,0.6600000262260437,0,CIRFA22_206771,-0.3089999854564667,-6.815999984741211,1014.2
2022-07-15 12:00:00,-16.77655,75.28594,0.6600000262260437,0,CIRFA22_206771,-0.18000000715255737,-6.060999870300293,1013.9
2022-07-15 13:00:00,-16.75697,75.2773,0.6600000262260437,0,CIRFA22_206771,0.2939999997615814,-5.293000221252441,1014.0
2022-07-15 14:00:00,-16.73791,75.26801,0.6600000262260437,0,CIRFA22_206771,0.6259999871253967,-4.767000198364258,1013.9
2022-07-15 15:00:00,-16.7193,75.25851,0.6600000262260437,0,CIRFA22_206771,0.5559999942779541,-4.388999938964844,1013.6
2022-07-15 16:00:00,-16.70051,75.24858,0.6600000262260437,0,CIRFA22_206771,0.367000013589859,-4.2129998207092285,1013.4
2022-07-15 17:00:00,-16.68346,75.2381,0.6600000262260437,0,CIRFA22_206771,0.5260000228881836,-3.752000093460083,1013.1
2022-07-15 18:00:00,-16.67049,75.22734,0.6600000262260437,0,CIRFA22_206771,0.7110000252723694,-3.4230000972747803,1012.9
2022-07-15 19:00:00,-16.66116,75.21697,0.6600000262260437,0,CIRFA22_206771,0.8840000033378601,-2.941999912261963,1012.6
2022-07-15 20:00:00,-16.65836,75.20734,0.6600000262260437,0,CIRFA22_206771,1.2079999446868896,-2.619999885559082,1012.5
2022-07-15 21:00:00,-16.65943,75.19975,0.6600000262260437,0,CIRFA22_206771,1.2369999885559082,-2.4700000286102295,1012.3
2022-07-15 22:00:00,-16.66203,75.19328,0.6600000262260437,0,CIRFA22_206771,1.3420000076293945,-3.1619999408721924,1011.7
2022-07-15 23:00:00,-16.66469,75.1876,0.6600000262260437,0,CIRFA22_206771,1.1720000505447388,-2.930999994277954,1011.3
2022-07-16 00:00:00,-16.66606,75.18246,0.75,0,CIRFA22_206771,1.3509999513626099,-2.552999973297119,1011.0
2022-07-16 01:00:00,-16.6647,75.17759,0.75,0,CIRFA22_206771,2.109999895095825,-2.3580000400543213,1011.0
2022-07-16 02:00:00,-16.65902,75.17244,0.75,0,CIRFA22_206771,2.492000102996826,-2.2190001010894775,1010.7
2022-07-16 03:00:00,-16.65031,75.16619,0.75,0,CIRFA22_206771,2.1419999599456787,-2.0940001010894775,1010.3
2022-07-16 04:00:00,-16.64147,75.15908,0.75,0,CIRFA22_206771,1.6430000066757202,-1.809000015258789,1009.9
2022-07-16 05:00:00,-16.63518,75.15102,0.75,0,CIRFA22_206771,1.024999976158142,-1.6260000467300415,1009.5
2022-07-16 06:00:00,-16.63001,75.14193,0.75,0,CIRFA22_206771,0.6489999890327454,-1.527999997138977,1009.3
2022-07-16 07:00:00,-16.63343,75.13234,0.75,0,CIRFA22_206771,0.9340000152587891,-1.3539999723434448,1009.0
2022-07-16 08:00:00,-16.64227,75.12311,0.75,0,CIRFA22_206771,1.5089999437332153,-0.9810000061988831,1009.0
2022-07-16 09:00:00,-16.65689,75.11432,0.75,0,CIRFA22_206771,1.5679999589920044,-1.3009999990463257,1008.8
2022-07-16 10:00:00,-16.67643,75.10641,0.75,0,CIRFA22_206771,1.5069999694824219,-1.3489999771118164,1008.9
2022-07-16 11:00:00,-16.69067,75.09923,0.75,0,CIRFA22_206771,1.152999997138977,-1.6679999828338623,1008.7
2022-07-16 12:00:00,-16.69761,75.09565,0.75,0,CIRFA22_206771,0.7950000166893005,-1.6150000095367432,1008.6
2022-07-16 13:00:00,-16.71093,75.0835,0.75,0,CIRFA22_206771,0.6570000052452087,-1.5499999523162842,1008.5
2022-07-16 14:00:00,-16.71896,75.07317,0.75,0,CIRFA22_206771,0.9760000109672546,-1.496000051498413,1008.3
2022-07-16 15:00:00,-16.72978,75.06191,0.75,0,CIRFA22_206771,1.4229999780654907,-1.593999981880188,1008.3
2022-07-16 16:00:00,-16.74361,75.04884,0.75,0,CIRFA22_206771,1.600000023841858,-1.9730000495910645,1008.3
2022-07-16 17:00:00,-16.76068,75.03508,0.75,0,CIRFA22_206771,1.5269999504089355,-2.424999952316284,1008.0
2022-07-16 18:00:00,-16.78229,75.02174,0.75,0,CIRFA22_206771,1.49399995803833,-2.6530001163482666,1008.0
2022-07-16 19:00:00,-16.80752,75.00834,0.75,0,CIRFA22_206771,1.7929999828338623,-2.2730000019073486,1007.5
2022-07-16 20:00:00,-16.8389,74.9963,0.75,0,CIRFA22_206771,2.372999906539917,-1.809999942779541,1007.8
2022-07-16 21:00:00,-16.87233,74.98564,0.75,0,CIRFA22_206771,3.0929999351501465,-1.4559999704360962,1007.4
2022-07-16 22:00:00,-16.90542,74.97724,0.75,0,CIRFA22_206771,4.1539998054504395,-0.5490000247955322,1007.3
2022-07-16 23:00:00,-16.92972,74.9698,0.75,0,CIRFA22_206771,5.185999870300293,-0.5659999847412109,1006.9
2022-07-17 00:00:00,-16.94133,74.96198,0.7799999713897705,1,CIRFA22_206771,5.743000030517578,-0.6779999732971191,1006.4
2022-07-17 01:00:00,-16.94963,74.95235,0.7799999713897705,1,CIRFA22_206771,5.129000186920166,-1.1649999618530273,1006.1
2022-07-17 02:00:00,-16.95665,74.9407,0.7799999713897705,1,CIRFA22_206771,3.8529999256134033,-2.496999979019165,1005.9
2022-07-17 03:00:00,-16.97017,74.92595,0.7799999713897705,1,CIRFA22_206771,2.674999952316284,-3.750999927520752,1005.8
2022-07-17 04:00:00,-16.98861,74.90958,0.7799999713897705,1,CIRFA22_206771,1.8730000257492065,-4.431000232696533,1005.6
