datetime,latitude,longitude
2020-04-29 15:00:00,83.99,17.196
2020-04-29 16:00:00,83.9856,17.1894
2020-04-29 17:00:00,83.9816,17.191
2020-04-29 18:00:00,83.9774,17.2026
2020-04-29 19:01:00,83.9732,17.2176
2020-04-29 20:01:00,83.969,17.2312
2020-04-29 21:01:01,83.9656,17.2428
2020-04-29 22:01:00,83.9622,17.2562
2020-04-29 23:00:00,83.9588,17.2692
2020-04-30 00:01:01,83.9554,17.2804
2020-04-30 01:00:00,83.9522,17.2904
2020-04-30 02:00:00,83.9492,17.3012
2020-04-30 03:01:01,83.9466,17.3114
2020-04-30 04:00:00,83.9442,17.3244
2020-04-30 05:01:00,83.9422,17.3396
2020-04-30 06:01:01,83.9404,17.3572
2020-04-30 07:01:00,83.9386,17.3774
2020-04-30 08:00:00,83.937,17.3978
2020-04-30 09:01:01,83.935,17.4184
2020-04-30 10:00:00,83.9332,17.438
2020-04-30 11:00:00,83.9312,17.4562
2020-04-30 12:00:00,83.9292,17.472
2020-04-30 13:00:00,83.9272,17.4842
2020-04-30 14:00:00,83.9252,17.4934
2020-04-30 15:00:00,83.9234,17.502
2020-04-30 16:00:00,83.9216,17.5122
2020-04-30 17:00:00,83.9202,17.5248
2020-04-30 18:01:01,83.9188,17.5388
2020-04-30 19:00:00,83.9178,17.5556
2020-04-30 20:01:00,83.9166,17.5716
2020-04-30 21:01:01,83.9154,17.5844
2020-04-30 22:01:00,83.9144,17.595
2020-04-30 23:01:00,83.9136,17.603
2020-05-01 00:01:01,83.9128,17.6092
2020-05-01 01:00:00,83.9122,17.6138
2020-05-01 02:00:00,83.912,17.6182
2020-05-01 03:00:00,83.9116,17.6232
2020-05-01 04:00:00,83.9118,17.629
2020-05-01 05:00:00,83.912,17.6358
2020-05-01 06:00:00,83.9124,17.6442
2020-05-01 07:00:00,83.913,17.6528
2020-05-01 08:00:00,83.9138,17.6624
2020-05-01 09:00:00,83.9146,17.6698
2020-05-01 10:00:00,83.9154,17.673
2020-05-01 11:00:00,83.916,17.6716
2020-05-01 12:00:00,83.9166,17.6634
2020-05-01 13:00:00,83.9174,17.651
2020-05-01 14:01:00,83.918,17.635
2020-05-01 15:00:00,83.9186,17.6176
2020-05-01 16:00:00,83.919,17.6048
2020-05-01 17:00:00,83.9192,17.5978
2020-05-01 18:00:00,83.9188,17.5952
2020-05-01 19:02:00,83.918,17.5944
2020-05-01 20:00:00,83.917,17.5924
2020-05-01 21:00:00,83.916,17.5884
2020-05-01 22:00:00,83.915,17.5838
2020-05-01 23:00:00,83.9144,17.577
2020-05-02 00:00:00,83.9138,17.569
2020-05-02 01:01:00,83.9132,17.56
2020-05-02 02:01:00,83.9128,17.5522
2020-05-02 03:01:01,83.9124,17.5454
2020-05-02 04:00:00,83.9114,17.5398
2020-05-02 05:00:00,83.91,17.5374
2020-05-02 06:00:00,83.9086,17.5378
2020-05-02 07:00:00,83.907,17.5404
2020-05-02 08:00:00,83.9054,17.5434
2020-05-02 09:00:00,83.9038,17.5468
2020-05-02 10:00:00,83.9022,17.549
2020-05-02 11:00:00,83.9006,17.5504
2020-05-02 12:00:00,83.8992,17.5514
2020-05-02 13:00:00,83.8978,17.5518
2020-05-02 14:00:00,83.8964,17.5514
2020-05-02 15:01:01,83.895,17.5538
2020-05-02 16:01:00,83.8936,17.5574
2020-05-02 17:00:00,83.892,17.5616
2020-05-02 18:01:01,83.8906,17.5678
2020-05-02 19:00:00,83.8888,17.5788
2020-05-02 20:00:00,83.887,17.593
2020-05-02 21:00:00,83.8856,17.6068
2020-05-02 22:00:00,83.8842,17.6216
2020-05-02 23:00:00,83.8834,17.6376
2020-05-03 00:00:00,83.8828,17.6536
2020-05-03 01:00:00,83.8824,17.6704
2020-05-03 02:00:00,83.882,17.6866
2020-05-03 03:00:00,83.881,17.6984
2020-05-03 04:00:00,83.8802,17.7124
2020-05-03 05:00:00,83.8804,17.7298
2020-05-03 06:00:00,83.8806,17.7492
2020-05-03 07:00:00,83.8804,17.7708
2020-05-03 08:01:00,83.8802,17.7944
2020-05-03 09:00:00,83.8802,17.8216
2020-05-03 10:00:00,83.8806,17.8532
2020-05-03 11:00:00,83.881,17.8878
2020-05-03 12:01:01,83.8818,17.9238
2020-05-03 13:01:00,83.8824,17.9584
2020-05-03 14:00:00,83.8828,17.9902
2020-05-03 15:00:00,83.8832,18.0182
2020-05-03 16:00:00,83.8836,18.0438
2020-05-03 17:00:00,83.8838,18.0658
2020-05-03 18:00:00,83.8838,18.0858
2020-05-03 19:01:00,83.8838,18.1054
2020-05-03 20:00:00,83.8836,18.1242
2020-05-03 21:00:00,83.8836,18.144
2020-05-03 22:00:00,83.8838,18.165
2020-05-03 23:00:00,83.884,18.1858
2020-05-04 00:00:00,83.8842,18.2058
2020-05-04 01:00:00,83.8848,18.2244
2020-05-04 02:00:00,83.8858,18.2414
2020-05-04 03:00:00,83.887,18.2562
2020-05-04 04:00:00,83.8882,18.268
2020-05-04 05:00:00,83.8896,18.278
2020-05-04 06:01:01,83.8912,18.286
2020-05-04 07:01:00,83.8928,18.2928
2020-05-04 08:01:00,83.8944,18.2992
2020-05-04 09:01:01,83.8964,18.3064
2020-05-04 10:00:00,83.8984,18.314
2020-05-04 11:00:00,83.9006,18.3216
2020-05-04 12:01:01,83.9028,18.3288
2020-05-04 13:00:00,83.905,18.3342
2020-05-04 14:00:00,83.9072,18.3348
2020-05-04 15:01:01,83.9092,18.3318
2020-05-04 16:01:00,83.911,18.326
2020-05-04 17:01:00,83.9126,18.3176
2020-05-04 18:00:00,83.9142,18.3072
2020-05-04 19:01:00,83.9152,18.2958
2020-05-04 20:01:00,83.916,18.2862
2020-05-04 21:00:00,83.9166,18.278
2020-05-04 22:00:00,83.917,18.274
2020-05-04 23:00:00,83.9174,18.2704
2020-05-05 00:00:00,83.9176,18.267
2020-05-05 01:00:00,83.918,18.2622
2020-05-05 02:00:00,83.9186,18.2554
2020-05-05 03:01:01,83.919,18.2464
2020-05-05 04:01:00,83.9194,18.233
2020-05-05 05:00:00,83.9198,18.2158
2020-05-05 06:00:00,83.92,18.1962
2020-05-05 07:00:00,83.9202,18.1766
2020-05-05 08:00:00,83.9202,18.1578
2020-05-05 09:00:00,83.9202,18.1358
2020-05-05 10:00:00,83.9198,18.116
2020-05-05 11:00:00,83.919,18.096
2020-05-05 12:00:00,83.918,18.0804
2020-05-05 13:00:00,83.917,18.0652
2020-05-05 14:00:00,83.9158,18.0482
2020-05-05 15:00:00,83.9146,18.0294
2020-05-05 16:00:00,83.9134,18.008
2020-05-05 17:00:00,83.9126,17.9838
2020-05-05 18:00:00,83.9116,17.9576
2020-05-05 19:00:00,83.9108,17.9314
2020-05-05 20:00:00,83.91,17.908
2020-05-05 21:00:00,83.909,17.8874
2020-05-05 22:00:00,83.9082,17.8696
2020-05-05 23:00:00,83.9076,17.8566
2020-05-06 00:00:00,83.9068,17.847
2020-05-06 01:00:00,83.906,17.838
2020-05-06 02:00:00,83.9052,17.8282
2020-05-06 03:00:00,83.9048,17.8174
2020-05-06 04:00:00,83.9052,17.8052
2020-05-06 05:00:00,83.9062,17.79
2020-05-06 06:00:00,83.9074,17.7716
2020-05-06 07:00:00,83.909,17.752
2020-05-06 08:00:00,83.9108,17.7326
2020-05-06 09:00:00,83.913,17.7136
2020-05-06 10:00:00,83.9148,17.6942
2020-05-06 11:00:00,83.9158,17.6776
2020-05-06 12:00:00,83.9174,17.6616
2020-05-06 13:00:00,83.9188,17.645
2020-05-06 14:00:00,83.9202,17.6266
2020-05-06 15:00:00,83.922,17.6054
2020-05-06 16:00:00,83.9242,17.5794
2020-05-06 17:00:00,83.9266,17.5496
2020-05-06 18:00:00,83.929,17.517
2020-05-06 19:00:00,83.9308,17.4838
2020-05-06 20:00:00,83.9324,17.448
2020-05-06 21:00:00,83.9338,17.4092
2020-05-06 22:00:00,83.9348,17.3712
2020-05-06 23:00:00,83.9354,17.3358
2020-05-07 00:00:00,83.9358,17.3014
2020-05-07 01:00:00,83.9358,17.2658
2020-05-07 02:00:00,83.9354,17.2266
2020-05-07 03:00:00,83.9352,17.1836
2020-05-07 04:00:00,83.935,17.1366
2020-05-07 05:00:00,83.9348,17.0844
2020-05-07 06:00:00,83.9346,17.0274
2020-05-07 07:00:00,83.9344,16.9674
2020-05-07 08:00:00,83.934,16.9046
2020-05-07 09:00:00,83.9332,16.8402
2020-05-07 10:00:00,83.9324,16.7774
2020-05-07 11:00:00,83.9312,16.7156
2020-05-07 12:00:00,83.9298,16.6538
2020-05-07 13:00:00,83.9282,16.594
2020-05-07 14:00:00,83.9268,16.5346
2020-05-07 15:00:00,83.9252,16.4748
2020-05-07 16:00:00,83.9234,16.4156
2020-05-07 17:00:00,83.9214,16.3552
2020-05-07 18:00:00,83.919,16.2936
2020-05-07 19:00:00,83.9164,16.2322
2020-05-07 20:00:00,83.9134,16.1698
2020-05-07 21:01:01,83.91,16.1082
2020-05-07 22:01:00,83.9064,16.0506
2020-05-07 23:01:00,83.9026,15.9956
2020-05-08 00:01:01,83.8988,15.9432
2020-05-08 01:00:00,83.8952,15.8934
2020-05-08 02:00:00,83.8912,15.8424
2020-05-08 03:01:01,83.887,15.7894
2020-05-08 04:00:00,83.8826,15.7342
2020-05-08 05:00:00,83.8784,15.677
2020-05-08 06:00:00,83.8738,15.6148
2020-05-08 07:00:00,83.869,15.5478
2020-05-08 08:00:00,83.8644,15.4774
2020-05-08 09:00:00,83.8596,15.405
2020-05-08 10:00:00,83.8552,15.333
2020-05-08 11:00:00,83.8514,15.2616
2020-05-08 12:00:00,83.8482,15.1902
2020-05-08 13:00:00,83.8454,15.1234
2020-05-08 14:00:00,83.8426,15.0582
2020-05-08 15:00:00,83.8404,14.9946
2020-05-08 16:00:00,83.8382,14.9334
2020-05-08 17:00:00,83.8362,14.8716
2020-05-08 18:00:00,83.8342,14.8082
2020-05-08 19:00:00,83.832,14.7448
2020-05-08 20:00:00,83.8294,14.6796
2020-05-08 21:01:01,83.8264,14.6172
2020-05-08 22:01:00,83.8232,14.5574
2020-05-08 23:01:00,83.8198,14.4984
2020-05-09 00:01:01,83.8158,14.4424
2020-05-09 01:01:00,83.8118,14.392
2020-05-09 02:01:00,83.8078,14.3454
2020-05-09 03:01:01,83.8038,14.3008
2020-05-09 04:00:00,83.8002,14.258
2020-05-09 05:01:00,83.7966,14.2168
2020-05-09 06:01:01,83.793,14.1776
2020-05-09 07:01:00,83.7894,14.1362
2020-05-09 08:01:00,83.7854,14.0966
2020-05-09 09:01:01,83.7812,14.0594
2020-05-09 10:01:00,83.7768,14.0216
2020-05-09 11:01:00,83.7722,13.9822
2020-05-09 12:01:01,83.7672,13.9518
2020-05-09 13:01:00,83.7622,13.9284
2020-05-09 14:01:00,83.7576,13.9088
2020-05-09 15:00:00,83.7528,13.8944
2020-05-09 16:02:00,83.7484,13.8798
2020-05-09 17:01:00,83.7444,13.8634
2020-05-09 18:00:00,83.7402,13.8444
2020-05-09 19:00:00,83.736,13.8234
2020-05-09 20:00:00,83.7316,13.7984
2020-05-09 21:00:00,83.727,13.7712
2020-05-09 22:00:00,83.7224,13.7428
2020-05-09 23:00:00,83.718,13.716
2020-05-10 00:00:00,83.7138,13.6954
2020-05-10 01:00:00,83.7098,13.6788
2020-05-10 02:00:00,83.7058,13.6662
2020-05-10 03:00:00,83.702,13.6564
2020-05-10 04:00:00,83.698,13.6454
2020-05-10 05:00:00,83.6942,13.634
2020-05-10 06:00:00,83.69,13.6192
2020-05-10 07:00:00,83.6854,13.599
2020-05-10 08:00:00,83.6804,13.5732
2020-05-10 09:00:00,83.6746,13.544
2020-05-10 10:00:00,83.6686,13.5124
2020-05-10 11:00:00,83.6622,13.481
2020-05-10 12:00:00,83.6554,13.4498
2020-05-10 13:01:00,83.6486,13.4204
2020-05-10 14:00:00,83.642,13.3944
2020-05-10 15:00:00,83.6352,13.371
2020-05-10 16:00:00,83.6286,13.351
2020-05-10 17:00:00,83.6224,13.3324
2020-05-10 18:00:00,83.616,13.3134
2020-05-10 19:00:00,83.6096,13.2932
2020-05-10 20:01:00,83.603,13.2704
2020-05-10 21:00:00,83.5968,13.2468
2020-05-10 22:00:00,83.5902,13.2222
2020-05-10 23:00:00,83.5836,13.1978
2020-05-11 00:00:00,83.577,13.1754
2020-05-11 01:00:00,83.5706,13.157
2020-05-11 02:00:00,83.5642,13.1434
2020-05-11 03:00:00,83.5578,13.1354
2020-05-11 04:00:00,83.5514,13.1316
2020-05-11 05:00:00,83.545,13.131
2020-05-11 06:01:01,83.5382,13.1304
2020-05-11 07:00:00,83.5312,13.129
2020-05-11 08:01:00,83.5238,13.1274
2020-05-11 09:01:01,83.5162,13.1236
2020-05-11 10:01:00,83.5084,13.1172
2020-05-11 11:00:00,83.5008,13.1084
2020-05-11 12:00:00,83.4932,13.0978
2020-05-11 13:00:00,83.4858,13.0882
2020-05-11 14:00:00,83.4786,13.0808
2020-05-11 15:00:00,83.4716,13.0758
2020-05-11 16:00:00,83.465,13.072
2020-05-11 17:00:00,83.4586,13.067
2020-05-11 18:00:00,83.453,13.0602
2020-05-11 19:00:00,83.4478,13.0512
2020-05-11 20:00:00,83.4432,13.0406
2020-05-11 21:00:00,83.439,13.0278
2020-05-11 22:00:00,83.4352,13.0128
2020-05-11 23:00:00,83.4318,12.997
2020-05-12 00:00:00,83.429,12.9816
2020-05-12 01:00:00,83.4262,12.9672
2020-05-12 02:00:00,83.4238,12.9536
2020-05-12 03:00:00,83.4216,12.9412
2020-05-12 04:00:00,83.4198,12.9292
2020-05-12 05:00:00,83.4182,12.9154
2020-05-12 06:00:00,83.4172,12.8972
2020-05-12 07:00:00,83.4166,12.8728
2020-05-12 08:00:00,83.4164,12.8406
2020-05-12 09:00:00,83.4166,12.8018
2020-05-12 10:00:00,83.4176,12.7568
2020-05-12 11:00:00,83.4186,12.7094
2020-05-12 12:00:00,83.4198,12.6622
2020-05-12 13:00:00,83.42,12.6166
2020-05-12 14:00:00,83.4194,12.5696
2020-05-12 15:00:00,83.4182,12.5198
2020-05-12 16:00:00,83.4162,12.4646
2020-05-12 17:00:00,83.4136,12.405
2020-05-12 18:00:00,83.4104,12.3334
2020-05-12 19:00:00,83.4066,12.263
2020-05-12 20:00:00,83.4024,12.177
2020-05-12 21:00:00,83.398,12.0866
2020-05-12 22:00:00,83.393,11.997
2020-05-12 23:00:00,83.3874,11.909
2020-05-13 00:00:00,83.381,11.8092
2020-05-13 01:00:00,83.3754,11.6948
2020-05-13 02:00:00,83.3716,11.5632
2020-05-13 03:00:00,83.3688,11.4328
2020-05-13 04:00:00,83.3672,11.3094
2020-05-13 05:00:00,83.3668,11.1944
2020-05-13 06:00:00,83.3668,11.085
2020-05-13 07:00:00,83.367,10.981
2020-05-13 08:00:00,83.367,10.8802
2020-05-13 09:00:00,83.3664,10.7854
2020-05-13 10:00:00,83.366,10.6912
2020-05-13 11:00:00,83.3654,10.6038
2020-05-13 12:00:00,83.3646,10.517
2020-05-13 13:00:00,83.3634,10.4384
2020-05-13 14:00:00,83.3626,10.361
2020-05-13 15:00:00,83.3622,10.2936
2020-05-13 16:00:00,83.362,10.2404
2020-05-13 17:00:00,83.3622,10.1994
2020-05-13 18:00:00,83.3628,10.1688
2020-05-13 19:00:00,83.3636,10.1464
2020-05-13 20:00:00,83.3648,10.1358
2020-05-13 21:00:00,83.3664,10.1222
2020-05-13 22:00:00,83.3686,10.1024
2020-05-13 23:00:00,83.3712,10.078
2020-05-14 00:00:00,83.3738,10.0514
2020-05-14 01:00:00,83.3758,10.025
2020-05-14 02:00:00,83.3778,9.9992
2020-05-14 03:00:00,83.3796,9.9782
2020-05-14 04:00:00,83.3814,9.9608
2020-05-14 05:00:00,83.3834,9.948
2020-05-14 06:00:00,83.3852,9.9362
2020-05-14 07:00:00,83.3868,9.9228
2020-05-14 08:00:00,83.3878,9.909
2020-05-14 09:00:00,83.3884,9.8946
2020-05-14 10:00:00,83.3884,9.8834
2020-05-14 11:00:00,83.388,9.8724
2020-05-14 12:00:00,83.387,9.8626
2020-05-14 13:00:00,83.386,9.8546
2020-05-14 14:00:00,83.3848,9.8496
2020-05-14 15:00:00,83.3832,9.8406
2020-05-14 16:00:00,83.3812,9.827
2020-05-14 17:00:00,83.3788,9.8144
2020-05-14 18:00:00,83.3766,9.7954
2020-05-14 19:00:00,83.3746,9.7762
2020-05-14 20:00:00,83.3732,9.757
2020-05-14 21:00:00,83.3718,9.7388
2020-05-14 22:00:00,83.371,9.7138
2020-05-14 23:00:00,83.3708,9.6854
2020-05-15 00:00:00,83.3712,9.6536
2020-05-15 01:00:00,83.3716,9.6256
2020-05-15 02:00:00,83.3726,9.5988
2020-05-15 03:00:00,83.374,9.567
2020-05-15 04:00:00,83.3756,9.534
2020-05-15 05:00:00,83.3772,9.501
2020-05-15 06:00:00,83.3788,9.4694
2020-05-15 07:00:00,83.3804,9.44
2020-05-15 08:00:00,83.3818,9.4114
2020-05-15 09:00:00,83.3832,9.3834
2020-05-15 10:00:00,83.3846,9.3554
2020-05-15 11:00:00,83.3858,9.3268
2020-05-15 12:00:00,83.3866,9.295
2020-05-15 13:00:00,83.3874,9.2628
2020-05-15 14:00:00,83.3882,9.2312
2020-05-15 15:00:00,83.3888,9.2004
2020-05-15 16:00:00,83.3892,9.1798
2020-05-15 17:00:00,83.3896,9.1532
2020-05-15 18:00:00,83.3898,9.1356
2020-05-15 19:00:00,83.3894,9.134
2020-05-15 20:00:00,83.3892,9.1304
2020-05-15 21:00:00,83.3896,9.1152
2020-05-15 22:00:00,83.3898,9.1048
2020-05-15 23:00:00,83.3896,9.1042
2020-05-16 00:00:00,83.3894,9.099
2020-05-16 01:00:00,83.3892,9.098
2020-05-16 02:00:00,83.3892,9.0974
2020-05-16 03:00:00,83.3892,9.097
2020-05-16 04:00:00,83.3894,9.0966
2020-05-16 05:00:00,83.3892,9.0966
2020-05-16 06:00:00,83.3892,9.0968
2020-05-16 10:00:00,83.389,9.0966
2020-05-16 11:00:00,83.3888,9.0966
2020-05-16 12:00:00,83.3886,9.0964
2020-05-16 13:00:00,83.3882,9.0958
2020-05-16 14:00:00,83.3878,9.0946
2020-05-16 15:00:00,83.3872,9.0932
2020-05-16 16:00:00,83.3866,9.092
2020-05-16 17:00:00,83.386,9.0912
2020-05-16 18:00:00,83.3854,9.0918
2020-05-16 19:00:00,83.3848,9.0922
2020-05-16 20:00:00,83.3844,9.0922
2020-05-16 21:00:00,83.384,9.0924
2020-05-16 22:00:00,83.3836,9.092
2020-05-16 23:00:00,83.3834,9.0914
2020-05-17 00:00:00,83.3832,9.091
2020-05-17 01:00:00,83.383,9.09
2020-05-17 02:00:00,83.3828,9.0894
2020-05-17 03:00:00,83.3824,9.0884
2020-05-17 04:00:00,83.382,9.0878
2020-05-17 05:00:00,83.3816,9.087
2020-05-17 06:00:00,83.381,9.0856
2020-05-17 07:00:00,83.3804,9.085
2020-05-17 08:00:00,83.3798,9.0838
2020-05-17 09:00:00,83.379,9.0826
2020-05-17 10:00:00,83.3784,9.08
2020-05-17 11:00:00,83.3776,9.0778
2020-05-17 12:00:00,83.3766,9.0734
2020-05-17 13:00:00,83.3756,9.065
2020-05-17 14:00:00,83.3746,9.0532
2020-05-17 15:00:00,83.3736,9.0392
2020-05-17 16:00:00,83.3724,9.0242
2020-05-17 17:00:00,83.3712,9.009
2020-05-17 18:00:00,83.3698,8.9946
2020-05-17 19:00:00,83.3686,8.983
2020-05-17 20:00:00,83.3674,8.973
2020-05-17 21:00:00,83.3662,8.9648
2020-05-17 22:00:00,83.3648,8.957
2020-05-17 23:00:00,83.3636,8.9492
2020-05-18 00:00:00,83.3624,8.941
2020-05-18 01:00:00,83.361,8.9326
2020-05-18 02:00:00,83.3594,8.9238
2020-05-18 03:00:00,83.358,8.915
2020-05-18 04:00:00,83.3566,8.9074
2020-05-18 05:00:00,83.355,8.9012
2020-05-18 06:00:00,83.3534,8.896
2020-05-18 07:00:00,83.3514,8.8918
2020-05-18 08:00:00,83.3492,8.889
2020-05-18 09:00:00,83.347,8.888
2020-05-18 10:00:00,83.3446,8.8884
2020-05-18 11:00:00,83.342,8.8896
2020-05-18 12:00:00,83.3394,8.8906
2020-05-18 13:00:00,83.3368,8.892
2020-05-18 14:00:00,83.3342,8.8924
2020-05-18 15:00:00,83.3314,8.8928
2020-05-18 16:00:00,83.3284,8.8946
2020-05-18 17:00:00,83.3256,8.8972
2020-05-18 18:00:00,83.3226,8.9006
2020-05-18 19:00:00,83.3196,8.9052
2020-05-18 20:00:00,83.3168,8.911
2020-05-18 21:00:00,83.3138,8.9182
2020-05-18 22:00:00,83.3112,8.9268
2020-05-18 23:00:00,83.3086,8.9366
2020-05-19 00:00:00,83.306,8.9474
2020-05-19 01:00:00,83.3038,8.9578
2020-05-19 02:00:00,83.3018,8.9668
2020-05-19 03:00:00,83.3,8.9736
2020-05-19 04:00:00,83.298,8.98
2020-05-19 05:00:00,83.2962,8.9874
2020-05-19 06:00:00,83.2942,8.9946
2020-05-19 07:00:00,83.292,9.0046
2020-05-19 08:00:00,83.2898,9.0158
2020-05-19 09:00:00,83.2874,9.0306
2020-05-19 10:00:00,83.2852,9.0462
2020-05-19 11:00:00,83.283,9.0616
2020-05-19 12:00:00,83.2808,9.0776
2020-05-19 13:00:00,83.2786,9.0936
2020-05-19 14:00:00,83.2766,9.1084
2020-05-19 15:00:00,83.2748,9.1226
2020-05-19 16:00:00,83.2728,9.1358
2020-05-19 17:00:00,83.271,9.1486
2020-05-19 18:00:00,83.2692,9.1616
2020-05-19 19:00:00,83.2676,9.1754
2020-05-19 20:00:00,83.266,9.1904
2020-05-19 21:00:00,83.2648,9.207
2020-05-19 22:00:00,83.2636,9.2248
2020-05-19 23:00:00,83.2628,9.2424
2020-05-20 00:00:00,83.2622,9.2598
2020-05-20 01:00:00,83.2618,9.2756
2020-05-20 02:00:00,83.2618,9.2886
2020-05-20 03:00:00,83.2622,9.297
2020-05-20 04:00:00,83.2628,9.3022
2020-05-20 05:00:00,83.2636,9.3046
2020-05-20 06:00:00,83.2642,9.3052
2020-05-20 07:00:00,83.2648,9.3048
2020-05-20 08:00:00,83.2654,9.306
2020-05-20 09:00:00,83.2658,9.3098
2020-05-20 10:00:00,83.266,9.3172
2020-05-20 11:00:00,83.266,9.3286
2020-05-20 12:00:00,83.266,9.3432
2020-05-20 13:00:00,83.2666,9.3624
2020-05-20 14:00:00,83.2674,9.3852
2020-05-20 15:00:00,83.2686,9.4098
2020-05-20 16:00:00,83.2698,9.437
2020-05-20 17:00:00,83.2708,9.4628
2020-05-20 18:00:00,83.2718,9.4858
2020-05-20 19:00:00,83.2728,9.5056
2020-05-20 20:00:00,83.2738,9.5202
2020-05-20 21:00:00,83.2748,9.5306
2020-05-20 22:00:00,83.2754,9.5376
2020-05-20 23:00:00,83.2762,9.545
2020-05-21 00:00:00,83.2772,9.555
2020-05-21 01:00:00,83.2788,9.5686
2020-05-21 02:00:00,83.2808,9.584
2020-05-21 03:00:00,83.2832,9.5992
2020-05-21 04:00:00,83.2854,9.6116
2020-05-21 05:00:00,83.2874,9.6206
2020-05-21 06:00:00,83.2892,9.6276
2020-05-21 07:00:00,83.2908,9.6322
2020-05-21 08:00:00,83.2926,9.6354
2020-05-21 09:00:00,83.2942,9.6384
2020-05-21 10:00:00,83.296,9.6406
2020-05-21 11:00:00,83.2982,9.6428
2020-05-21 12:00:00,83.3006,9.646
2020-05-21 13:00:00,83.303,9.6492
2020-05-21 14:00:00,83.3054,9.6512
2020-05-21 15:00:00,83.3078,9.6504
2020-05-21 16:00:00,83.3106,9.6468
2020-05-21 17:00:00,83.3132,9.6404
2020-05-21 18:00:00,83.3156,9.6344
2020-05-21 19:00:00,83.3176,9.628
2020-05-21 20:00:00,83.3196,9.6202
2020-05-21 21:00:00,83.3212,9.611
2020-05-21 22:00:00,83.3228,9.6036
2020-05-21 23:00:00,83.3244,9.5992
2020-05-22 00:00:00,83.3258,9.5968
2020-05-22 01:00:00,83.3272,9.5962
2020-05-22 02:00:00,83.3286,9.5956
2020-05-22 03:00:00,83.3296,9.5948
2020-05-22 04:00:00,83.3304,9.5914
2020-05-22 05:00:00,83.3308,9.5858
2020-05-22 06:00:00,83.3308,9.5762
2020-05-22 07:00:00,83.3306,9.5636
2020-05-22 08:00:00,83.3302,9.5486
2020-05-22 09:00:00,83.3296,9.5314
2020-05-22 10:00:00,83.3292,9.5164
2020-05-22 11:00:00,83.3286,9.503
2020-05-22 12:00:00,83.3282,9.4918
2020-05-22 13:00:00,83.3278,9.4836
2020-05-22 14:00:00,83.3272,9.478
2020-05-22 15:00:00,83.3266,9.4748
2020-05-22 16:00:00,83.326,9.472
2020-05-22 17:00:00,83.3252,9.4676
2020-05-22 18:00:00,83.3242,9.4596
2020-05-22 19:00:00,83.3232,9.4488
2020-05-22 20:00:00,83.322,9.4356
2020-05-22 21:00:00,83.321,9.4216
2020-05-22 22:00:00,83.32,9.4086
2020-05-22 23:00:00,83.3194,9.3988
2020-05-23 00:00:00,83.3186,9.392
2020-05-23 01:00:00,83.3182,9.3862
2020-05-23 02:00:00,83.3176,9.3802
2020-05-23 03:00:00,83.317,9.3738
2020-05-23 04:00:00,83.3162,9.3648
2020-05-23 05:00:00,83.3152,9.3564
2020-05-23 06:00:00,83.3142,9.346
2020-05-23 07:00:00,83.313,9.3366
2020-05-23 08:00:00,83.3118,9.3266
2020-05-23 09:00:00,83.3104,9.3168
2020-05-23 10:00:00,83.309,9.3076
2020-05-23 11:00:00,83.3074,9.2994
2020-05-23 12:00:00,83.3058,9.2924
2020-05-23 13:00:00,83.3048,9.2872
2020-05-23 14:00:00,83.3042,9.281
2020-05-23 15:00:00,83.3036,9.2736
2020-05-23 16:00:00,83.3034,9.2648
2020-05-23 17:00:00,83.3032,9.2542
2020-05-23 18:00:00,83.3028,9.242
2020-05-23 19:00:00,83.3028,9.2282
2020-05-23 20:00:00,83.3026,9.214
2020-05-23 21:00:00,83.3024,9.2008
2020-05-23 22:00:00,83.3022,9.1872
2020-05-23 23:00:00,83.302,9.1754
2020-05-24 00:00:00,83.302,9.1648
2020-05-24 01:00:00,83.3022,9.157
2020-05-24 02:00:00,83.3026,9.1516
2020-05-24 03:00:00,83.303,9.1468
2020-05-24 04:00:00,83.3032,9.1398
2020-05-24 05:00:00,83.3032,9.1304
2020-05-24 06:00:00,83.303,9.1192
2020-05-24 07:00:00,83.3026,9.1054
2020-05-24 08:00:00,83.3018,9.09
2020-05-24 09:00:00,83.3004,9.0754
2020-05-24 10:00:00,83.2992,9.0614
2020-05-24 11:00:00,83.298,9.0484
2020-05-24 12:00:00,83.297,9.0368
2020-05-24 13:00:00,83.2962,9.0252
2020-05-24 14:00:00,83.2956,9.0136
2020-05-24 15:00:00,83.2952,9.001
2020-05-24 16:00:00,83.2948,8.9872
2020-05-24 17:00:00,83.2946,8.9726
2020-05-24 18:00:00,83.2946,8.957
2020-05-24 19:00:00,83.2944,8.9404
2020-05-24 20:00:00,83.2942,8.9226
2020-05-24 21:00:00,83.2942,8.9048
2020-05-24 22:00:00,83.2942,8.8878
2020-05-24 23:00:00,83.2944,8.872
2020-05-25 00:00:00,83.2948,8.858
2020-05-25 01:00:00,83.2954,8.8456
2020-05-25 02:00:00,83.2964,8.833
2020-05-25 03:00:00,83.2978,8.822
2020-05-25 04:00:00,83.2992,8.8116
2020-05-25 05:00:00,83.3008,8.8016
2020-05-25 06:00:00,83.3024,8.7922
2020-05-25 07:00:00,83.3038,8.782
2020-05-25 08:00:00,83.3052,8.7718
2020-05-25 09:00:00,83.3062,8.7622
2020-05-25 10:00:00,83.3072,8.7534
2020-05-25 11:00:00,83.3084,8.7464
2020-05-25 12:00:00,83.3098,8.7424
2020-05-25 13:00:00,83.3114,8.7418
2020-05-25 14:00:00,83.3134,8.7442
2020-05-25 15:00:00,83.3158,8.7482
2020-05-25 16:00:00,83.3184,8.7524
2020-05-25 17:00:00,83.3206,8.7576
2020-05-25 18:00:00,83.323,8.762
2020-05-25 19:00:00,83.3256,8.7626
2020-05-25 20:00:00,83.3282,8.7594
2020-05-25 21:00:00,83.3308,8.7534
2020-05-25 22:00:00,83.3336,8.746
2020-05-25 23:00:00,83.3362,8.7408
2020-05-26 00:00:00,83.3394,8.738
2020-05-26 01:00:00,83.3426,8.7376
2020-05-26 02:00:00,83.3454,8.7414
2020-05-26 03:00:00,83.3484,8.7478
2020-05-26 04:00:00,83.3512,8.756
2020-05-26 05:00:00,83.3538,8.7646
2020-05-26 06:00:00,83.3562,8.7726
2020-05-26 07:00:00,83.3582,8.7798
2020-05-26 08:00:00,83.3598,8.7856
2020-05-26 09:00:00,83.3612,8.7902
2020-05-26 10:00:00,83.3622,8.7936
2020-05-26 11:00:00,83.3634,8.7962
2020-05-26 12:00:00,83.3644,8.7976
2020-05-26 13:00:00,83.3654,8.798
2020-05-26 14:00:00,83.3666,8.797
2020-05-26 15:00:00,83.3678,8.794
2020-05-26 16:00:00,83.3692,8.7898
2020-05-26 17:00:00,83.3704,8.7826
2020-05-26 18:00:00,83.3716,8.773
2020-05-26 19:00:00,83.3732,8.7592
2020-05-26 20:00:00,83.375,8.7466
2020-05-26 21:00:00,83.3766,8.7334
2020-05-26 22:00:00,83.3784,8.7192
2020-05-26 23:00:00,83.3802,8.7094
2020-05-27 00:00:00,83.3818,8.7046
2020-05-27 01:00:00,83.3838,8.7022
2020-05-27 02:00:00,83.386,8.7052
2020-05-27 03:00:00,83.3888,8.7056
2020-05-27 04:00:00,83.391,8.7008
2020-05-27 05:00:00,83.3932,8.6924
2020-05-27 06:00:00,83.3958,8.6826
2020-05-27 07:00:00,83.3988,8.6748
2020-05-27 08:00:00,83.401,8.6672
2020-05-27 09:00:00,83.4028,8.6596
2020-05-27 10:00:00,83.404,8.6518
2020-05-27 11:00:00,83.405,8.644
2020-05-27 12:00:00,83.4058,8.6374
2020-05-27 13:00:00,83.4062,8.6324
2020-05-27 14:00:00,83.4068,8.6292
2020-05-27 15:00:00,83.4072,8.6272
2020-05-27 16:00:00,83.4076,8.6252
2020-05-27 17:00:00,83.4078,8.6228
2020-05-27 18:00:00,83.4076,8.6192
2020-05-27 19:00:00,83.4074,8.6128
2020-05-27 20:00:00,83.407,8.6048
2020-05-27 21:00:00,83.4064,8.5954
2020-05-27 22:00:00,83.4058,8.5848
2020-05-27 23:00:00,83.4052,8.5742
2020-05-28 00:00:00,83.4044,8.5652
2020-05-28 01:00:00,83.4036,8.559
2020-05-28 02:00:00,83.4032,8.5558
2020-05-28 03:00:00,83.4028,8.555
2020-05-28 04:00:00,83.4024,8.5558
2020-05-28 05:00:00,83.4018,8.5568
2020-05-28 06:00:00,83.4014,8.5574
2020-05-28 07:00:00,83.4008,8.557
2020-05-28 08:00:00,83.3998,8.5546
2020-05-28 09:00:00,83.3988,8.5504
2020-05-28 10:00:00,83.3974,8.545
2020-05-28 11:00:00,83.3958,8.5372
2020-05-28 12:00:00,83.394,8.529
2020-05-28 13:00:00,83.392,8.5224
2020-05-28 14:00:00,83.3902,8.5154
2020-05-28 15:00:00,83.3886,8.5084
2020-05-28 16:00:00,83.387,8.5014
2020-05-28 17:00:00,83.3854,8.493
2020-05-28 18:00:00,83.384,8.4828
2020-05-28 19:00:00,83.3826,8.4698
2020-05-28 20:00:00,83.3812,8.4554
2020-05-28 21:00:00,83.3796,8.4394
2020-05-28 22:00:00,83.378,8.4228
2020-05-28 23:00:00,83.3764,8.4074
2020-05-29 00:00:00,83.3748,8.3912
2020-05-29 01:00:00,83.373,8.3778
2020-05-29 02:00:00,83.3714,8.367
2020-05-29 03:00:00,83.37,8.3574
2020-05-29 04:00:00,83.3686,8.349
2020-05-29 05:00:00,83.3672,8.3406
2020-05-29 06:00:00,83.3658,8.3322
2020-05-29 07:00:00,83.3642,8.3254
2020-05-29 08:00:00,83.3628,8.3188
2020-05-29 09:00:00,83.3612,8.3128
2020-05-29 10:00:00,83.3594,8.3062
2020-05-29 11:00:00,83.3574,8.2988
2020-05-29 12:00:00,83.3552,8.2914
2020-05-29 13:00:00,83.353,8.2852
2020-05-29 14:00:00,83.3504,8.2818
2020-05-29 15:00:00,83.3474,8.281
2020-05-29 16:00:00,83.3446,8.28
2020-05-29 17:00:00,83.3424,8.2774
2020-05-29 18:00:00,83.3402,8.2736
2020-05-29 19:00:00,83.3386,8.2692
2020-05-29 20:00:00,83.337,8.2626
2020-05-29 21:00:00,83.3356,8.2552
2020-05-29 22:00:00,83.3344,8.247
2020-05-29 23:00:00,83.333,8.2388
2020-05-30 00:00:00,83.3318,8.231
2020-05-30 01:00:00,83.3304,8.2236
2020-05-30 02:00:00,83.3292,8.2174
2020-05-30 03:00:00,83.3278,8.2124
2020-05-30 04:01:00,83.3262,8.2092
2020-05-30 05:01:00,83.3248,8.2078
2020-05-30 06:01:01,83.3234,8.208
2020-05-30 07:01:00,83.322,8.2102
2020-05-30 08:01:00,83.3206,8.213
2020-05-30 09:01:01,83.3192,8.216
2020-05-30 10:01:00,83.3176,8.2204
2020-05-30 11:00:00,83.316,8.2254
2020-05-30 12:00:00,83.3142,8.231
2020-05-30 13:00:00,83.3122,8.2372
2020-05-30 14:00:00,83.31,8.2442
2020-05-30 15:00:00,83.308,8.2526
2020-05-30 16:00:00,83.3062,8.2616
2020-05-30 17:00:00,83.3046,8.2722
2020-05-30 18:00:00,83.3036,8.285
2020-05-30 19:00:00,83.303,8.2982
2020-05-30 20:00:00,83.3028,8.3116
2020-05-30 21:00:00,83.3032,8.3232
2020-05-30 22:00:00,83.3042,8.3332
2020-05-30 23:00:00,83.3056,8.3424
2020-05-31 00:00:00,83.3068,8.3498
2020-05-31 01:00:00,83.3078,8.3572
2020-05-31 02:00:00,83.3082,8.3642
2020-05-31 03:00:00,83.3084,8.3702
2020-05-31 04:00:00,83.3084,8.375
2020-05-31 05:00:00,83.3088,8.3784
2020-05-31 06:00:00,83.3094,8.382
2020-05-31 07:00:00,83.31,8.3874
2020-05-31 08:00:00,83.3106,8.3938
2020-05-31 09:00:00,83.3114,8.4016
2020-05-31 10:00:00,83.3118,8.4078
2020-05-31 11:00:00,83.312,8.4114
2020-05-31 12:00:00,83.3118,8.4122
2020-05-31 13:00:00,83.3112,8.41
2020-05-31 14:00:00,83.3104,8.4054
2020-05-31 15:00:00,83.3094,8.3988
2020-05-31 16:00:00,83.3084,8.3916
2020-05-31 17:00:00,83.3074,8.3828
2020-05-31 18:00:00,83.3064,8.3728
2020-05-31 19:00:00,83.3056,8.3622
2020-05-31 20:00:00,83.305,8.3524
2020-05-31 21:00:00,83.3046,8.344
2020-05-31 23:00:00,83.3042,8.3218
2020-06-01 00:00:00,83.304,8.3126
2020-06-01 01:00:00,83.3032,8.3042
2020-06-01 02:00:00,83.3024,8.2962
2020-06-01 03:00:00,83.3014,8.289
2020-06-01 04:00:00,83.3002,8.2824
2020-06-01 05:00:00,83.299,8.2768
2020-06-01 06:00:00,83.2978,8.2728
2020-06-01 07:00:00,83.2966,8.27
2020-06-01 08:00:00,83.2954,8.2684
2020-06-01 09:00:00,83.2942,8.2672
2020-06-01 10:00:00,83.293,8.2658
2020-06-01 11:00:00,83.2918,8.2636
2020-06-01 12:00:00,83.2904,8.261
2020-06-01 13:00:00,83.2886,8.256
2020-06-01 14:00:00,83.2866,8.2474
2020-06-01 15:00:00,83.2842,8.2358
2020-06-01 16:00:00,83.2818,8.222
2020-06-01 17:00:00,83.2794,8.2072
2020-06-01 18:00:00,83.277,8.1924
2020-06-01 19:00:00,83.275,8.1788
2020-06-01 20:00:00,83.2732,8.1684
2020-06-01 21:00:00,83.2716,8.1602
2020-06-01 22:00:00,83.2704,8.153
2020-06-01 23:00:00,83.2692,8.146
2020-06-02 00:00:00,83.268,8.1396
2020-06-02 01:00:00,83.2668,8.1296
2020-06-02 02:00:00,83.2654,8.1166
2020-06-02 03:00:00,83.2638,8.1018
2020-06-02 04:00:00,83.2618,8.0852
2020-06-02 05:00:00,83.2598,8.066
2020-06-02 06:00:00,83.2574,8.048
2020-06-02 07:00:00,83.255,8.0316
2020-06-02 08:00:00,83.2526,8.0186
2020-06-02 09:00:00,83.25,8.008
2020-06-02 10:00:00,83.2476,7.9976
2020-06-02 11:00:00,83.245,7.9902
2020-06-02 12:00:00,83.2424,7.9832
2020-06-02 13:00:00,83.2396,7.975
2020-06-02 14:00:00,83.2366,7.966
2020-06-02 15:00:00,83.2336,7.9548
2020-06-02 16:00:00,83.2302,7.9414
2020-06-02 17:00:00,83.2268,7.926
2020-06-02 18:00:00,83.2234,7.91
2020-06-02 19:00:00,83.2202,7.8934
2020-06-02 20:00:00,83.217,7.8758
2020-06-02 21:00:00,83.214,7.859
2020-06-02 22:00:00,83.211,7.842
2020-06-02 23:00:00,83.208,7.824
2020-06-03 00:00:00,83.205,7.8054
2020-06-03 01:00:00,83.2022,7.7858
2020-06-03 02:00:00,83.1992,7.7642
2020-06-03 03:00:00,83.1958,7.7408
2020-06-03 04:00:00,83.1924,7.7146
2020-06-03 05:00:00,83.1882,7.6902
2020-06-03 06:00:00,83.1836,7.665
2020-06-03 07:00:00,83.1788,7.644
2020-06-03 08:00:00,83.1738,7.6284
2020-06-03 09:00:00,83.1692,7.615
2020-06-03 10:00:00,83.1644,7.6056
2020-06-03 11:00:00,83.16,7.5994
2020-06-03 12:00:00,83.1556,7.595
2020-06-03 13:00:00,83.1512,7.5908
2020-06-03 14:00:00,83.1466,7.5868
2020-06-03 15:00:00,83.142,7.5822
2020-06-03 16:00:00,83.1372,7.577
2020-06-03 17:00:00,83.132,7.5724
2020-06-03 18:00:00,83.1268,7.5684
2020-06-03 19:00:00,83.1214,7.5688
2020-06-03 20:00:00,83.116,7.573
2020-06-03 21:00:00,83.1112,7.579
2020-06-03 22:00:00,83.1068,7.5886
2020-06-03 23:00:00,83.103,7.5994
2020-06-04 00:00:00,83.0998,7.613
2020-06-04 01:00:00,83.097,7.629
2020-06-04 02:00:00,83.0942,7.6472
2020-06-04 03:00:00,83.0908,7.666
2020-06-04 04:00:00,83.0868,7.6854
2020-06-04 05:00:00,83.0824,7.7042
2020-06-04 06:00:00,83.0776,7.7226
2020-06-04 07:00:00,83.072,7.741
2020-06-04 08:00:00,83.0662,7.7578
2020-06-04 09:00:00,83.0598,7.7742
2020-06-04 10:00:00,83.0532,7.791
2020-06-04 11:00:00,83.0466,7.809
2020-06-04 12:00:00,83.0398,7.8282
2020-06-04 13:00:00,83.033,7.8482
2020-06-04 14:00:00,83.0262,7.8654
2020-06-04 15:00:00,83.0198,7.8794
2020-06-04 16:00:00,83.0138,7.8916
2020-06-04 17:00:00,83.008,7.9036
2020-06-04 18:00:00,83.0024,7.918
2020-06-04 19:00:00,82.9972,7.9342
2020-06-04 20:00:00,82.9926,7.9522
2020-06-04 21:00:00,82.9882,7.9708
2020-06-04 22:00:00,82.9842,7.9896
2020-06-04 23:00:00,82.9806,8.0066
2020-06-05 00:00:00,82.9774,8.0236
2020-06-05 01:00:00,82.9744,8.04
2020-06-05 02:00:00,82.9714,8.0562
2020-06-05 03:00:00,82.9682,8.0706
2020-06-05 04:00:00,82.9648,8.085
2020-06-05 05:00:00,82.961,8.0984
2020-06-05 06:00:00,82.9568,8.1114
2020-06-05 07:00:00,82.952,8.1244
2020-06-05 08:00:00,82.9468,8.138
2020-06-05 09:00:00,82.941,8.1516
2020-06-05 10:00:00,82.9352,8.1658
2020-06-05 11:00:00,82.9308,8.184
2020-06-05 12:00:00,82.9274,8.207
2020-06-05 13:00:00,82.924,8.234
2020-06-05 14:00:00,82.921,8.26
2020-06-05 15:00:00,82.9182,8.2842
2020-06-05 16:00:00,82.9156,8.307
2020-06-05 17:00:00,82.913,8.325
2020-06-05 18:00:00,82.9108,8.3398
2020-06-05 19:00:00,82.9088,8.351
2020-06-05 20:00:00,82.9072,8.3642
2020-06-05 21:00:00,82.906,8.377
2020-06-05 22:00:00,82.9054,8.3902
2020-06-05 23:00:00,82.9052,8.4064
2020-06-06 00:00:00,82.9054,8.4262
2020-06-06 01:00:00,82.9058,8.4496
2020-06-06 02:00:00,82.9064,8.4754
2020-06-06 03:00:00,82.9072,8.5036
2020-06-06 04:00:00,82.9078,8.5336
2020-06-06 05:00:00,82.9082,8.5624
2020-06-06 06:00:00,82.908,8.5906
2020-06-06 07:00:00,82.9074,8.6176
2020-06-06 08:00:00,82.9068,8.6424
2020-06-06 09:00:00,82.9062,8.6676
2020-06-06 10:00:00,82.9056,8.6938
2020-06-06 11:00:00,82.9054,8.7212
2020-06-06 12:00:00,82.9056,8.751
2020-06-06 13:00:00,82.9058,8.7828
2020-06-06 14:00:00,82.906,8.8138
2020-06-06 15:00:00,82.9064,8.8444
2020-06-06 16:00:00,82.9068,8.874
2020-06-06 17:00:00,82.907,8.8996
2020-06-06 18:00:00,82.9072,8.9206
2020-06-06 19:00:00,82.9074,8.9368
2020-06-06 20:00:00,82.9074,8.948
2020-06-06 21:00:00,82.9074,8.9556
2020-06-06 22:00:00,82.9074,8.9608
2020-06-06 23:00:00,82.9078,8.9674
2020-06-07 00:00:00,82.9082,8.9766
2020-06-07 01:00:00,82.9086,8.9878
2020-06-07 02:00:00,82.909,8.9994
2020-06-07 03:00:00,82.9092,9.011
2020-06-07 04:00:00,82.9094,9.0208
2020-06-07 05:00:00,82.9096,9.028
2020-06-07 06:00:00,82.9094,9.031
2020-06-07 07:00:00,82.9088,9.031
2020-06-07 08:00:00,82.9076,9.0272
2020-06-07 09:00:00,82.906,9.0204
2020-06-07 10:00:00,82.9044,9.0122
2020-06-07 11:00:00,82.903,9.0026
2020-06-07 12:00:00,82.9014,8.994
2020-06-07 13:00:00,82.8998,8.9854
2020-06-07 14:00:00,82.8986,8.9756
2020-06-07 15:00:00,82.8974,8.9646
2020-06-07 16:00:00,82.8962,8.9522
2020-06-07 17:00:00,82.8954,8.937
2020-06-07 18:00:00,82.8942,8.9162
2020-06-07 19:00:00,82.893,8.8916
2020-06-07 20:00:00,82.892,8.8628
2020-06-07 21:00:00,82.8904,8.8298
2020-06-07 22:00:00,82.889,8.7904
2020-06-07 23:00:00,82.8878,8.7498
2020-06-08 00:00:00,82.8862,8.7154
2020-06-08 01:01:00,82.8842,8.6848
2020-06-08 02:00:01,82.883,8.6526
2020-06-08 03:00:00,82.8822,8.619
2020-06-08 03:59:59,82.881,8.588
2020-06-08 05:00:01,82.8802,8.557
2020-06-08 06:00:00,82.8796,8.522
2020-06-08 06:59:59,82.8786,8.4834
2020-06-08 08:00:01,82.8778,8.4446
2020-06-08 09:00:00,82.8766,8.406
2020-06-08 09:59:59,82.8752,8.3676
2020-06-08 11:00:01,82.8736,8.33
2020-06-08 12:00:00,82.8722,8.2942
2020-06-08 12:59:59,82.8712,8.262
2020-06-08 14:00:01,82.8706,8.2338
2020-06-08 15:00:00,82.8702,8.2068
2020-06-08 15:59:59,82.87,8.1786
2020-06-08 17:00:01,82.8696,8.148
2020-06-08 18:00:00,82.8692,8.1128
2020-06-08 18:59:59,82.8684,8.0734
2020-06-08 20:00:01,82.8676,8.0298
2020-06-08 21:00:00,82.8666,7.9852
2020-06-08 21:59:59,82.866,7.9418
2020-06-08 23:00:01,82.8654,7.9022
2020-06-09 00:00:00,82.8644,7.8682
2020-06-09 00:59:59,82.8634,7.8398
2020-06-09 02:00:01,82.8622,7.8176
2020-06-09 03:00:00,82.8606,7.8
2020-06-09 03:59:59,82.8592,7.7866
2020-06-09 05:00:01,82.8574,7.7734
2020-06-09 06:00:00,82.8554,7.7604
2020-06-09 06:59:59,82.853,7.7454
2020-06-09 08:00:01,82.8502,7.7282
2020-06-09 09:00:00,82.8468,7.7084
2020-06-09 09:59:59,82.8432,7.6876
2020-06-09 11:00:01,82.8392,7.6666
2020-06-09 12:00:00,82.835,7.646
2020-06-09 12:59:59,82.8308,7.6272
2020-06-09 14:00:01,82.8268,7.61
2020-06-09 15:00:00,82.8228,7.5924
2020-06-09 15:59:59,82.819,7.5748
2020-06-09 17:00:01,82.8156,7.5566
2020-06-09 18:00:00,82.812,7.5378
2020-06-09 18:59:59,82.8086,7.5162
2020-06-09 20:00:01,82.8052,7.4916
2020-06-09 21:00:00,82.802,7.4636
2020-06-09 21:59:59,82.799,7.4356
2020-06-09 23:00:01,82.7964,7.4112
2020-06-10 00:00:00,82.7936,7.3916
2020-06-10 00:59:59,82.7912,7.3766
2020-06-10 02:00:01,82.7888,7.367
2020-06-10 03:00:00,82.7866,7.3596
2020-06-10 03:59:59,82.7844,7.3542
2020-06-10 05:00:01,82.7824,7.3504
2020-06-10 06:00:00,82.7804,7.3474
2020-06-10 06:59:59,82.7786,7.3446
2020-06-10 08:00:01,82.7766,7.3416
2020-06-10 09:00:00,82.7748,7.3386
2020-06-10 09:59:59,82.773,7.337
2020-06-10 11:00:01,82.7712,7.337
2020-06-10 12:00:00,82.7694,7.3384
2020-06-10 12:59:59,82.7676,7.3396
2020-06-10 14:00:01,82.7662,7.3418
2020-06-10 15:00:00,82.7648,7.3458
2020-06-10 15:59:59,82.7636,7.3516
2020-06-10 17:00:01,82.7628,7.3584
2020-06-10 18:00:00,82.7624,7.3664
2020-06-10 18:59:59,82.762,7.3756
2020-06-10 20:00:01,82.7618,7.3848
2020-06-10 21:00:00,82.7616,7.3948
2020-06-10 21:59:59,82.7618,7.4068
2020-06-10 23:00:01,82.7622,7.4214
2020-06-11 00:00:00,82.7626,7.44
2020-06-11 00:59:59,82.763,7.462
2020-06-11 02:00:01,82.7632,7.4864
2020-06-11 03:00:00,82.7636,7.5134
2020-06-11 03:59:59,82.7638,7.5426
2020-06-11 05:00:01,82.764,7.5734
2020-06-11 06:00:00,82.764,7.607
2020-06-11 06:59:59,82.7638,7.6434
2020-06-11 08:00:01,82.7632,7.6788
2020-06-11 09:00:00,82.7624,7.714
2020-06-11 09:59:59,82.7614,7.7474
2020-06-11 11:00:01,82.7602,7.7774
2020-06-11 12:00:00,82.7586,7.8054
2020-06-11 12:59:59,82.7568,7.8312
2020-06-11 14:00:01,82.7552,7.8582
2020-06-11 15:00:00,82.7536,7.8854
2020-06-11 15:59:59,82.7522,7.9088
2020-06-11 17:00:01,82.7508,7.9284
2020-06-11 18:00:00,82.7502,7.9422
2020-06-11 18:59:59,82.75,7.9472
2020-06-11 20:00:01,82.7504,7.9402
2020-06-11 21:00:00,82.751,7.927
2020-06-11 21:59:59,82.7516,7.9178
2020-06-11 23:00:01,82.7524,7.907
2020-06-12 00:00:00,82.7522,7.9042
2020-06-12 00:59:59,82.752,7.9006
2020-06-12 02:00:01,82.751,7.9044
2020-06-12 03:00:00,82.7498,7.9106
2020-06-12 03:59:59,82.7488,7.9214
2020-06-12 05:00:01,82.7474,7.934
2020-06-12 06:00:00,82.7458,7.9486
2020-06-12 06:59:59,82.7442,7.962
2020-06-12 08:00:01,82.7422,7.9744
2020-06-12 09:00:00,82.7406,7.9832
2020-06-12 09:59:59,82.7392,7.9882
2020-06-12 11:00:01,82.7374,7.9912
2020-06-12 12:00:00,82.7354,7.9926
2020-06-12 12:59:59,82.733,7.9942
2020-06-12 14:00:01,82.7302,7.9888
2020-06-12 15:00:00,82.7274,7.9782
2020-06-12 15:59:59,82.725,7.9658
2020-06-12 17:00:01,82.7222,7.9518
2020-06-12 18:00:00,82.7196,7.9346
2020-06-12 18:59:59,82.7164,7.9124
2020-06-12 20:00:01,82.7132,7.8882
2020-06-12 21:00:00,82.7094,7.8592
2020-06-12 21:59:59,82.7052,7.8272
2020-06-12 23:00:01,82.7006,7.7896
2020-06-13 00:00:00,82.6958,7.7568
2020-06-13 00:59:59,82.6902,7.7298
2020-06-13 02:00:01,82.6846,7.7106
2020-06-13 03:00:00,82.6788,7.7008
2020-06-13 03:59:59,82.6726,7.7014
2020-06-13 05:00:01,82.6664,7.7092
2020-06-13 06:00:00,82.6604,7.7244
2020-06-13 06:59:59,82.6546,7.7456
2020-06-13 08:00:01,82.649,7.7722
2020-06-13 09:00:00,82.643,7.8036
2020-06-13 09:59:59,82.6368,7.8404
2020-06-13 11:00:01,82.63,7.8812
2020-06-13 12:00:00,82.6224,7.9266
2020-06-13 12:59:59,82.6142,7.971
2020-06-13 14:00:01,82.6064,8.0118
2020-06-13 15:00:00,82.5996,8.0444
2020-06-13 15:59:59,82.5938,8.07
2020-06-13 17:00:01,82.5886,8.0896
2020-06-13 18:00:00,82.5854,8.0912
2020-06-13 18:59:59,82.5824,8.087
2020-06-13 20:00:01,82.5798,8.0812
2020-06-13 21:00:00,82.578,8.0712
2020-06-13 21:59:59,82.576,8.0628
2020-06-13 23:00:01,82.5744,8.0602
2020-06-14 00:00:00,82.5724,8.0622
2020-06-14 00:59:59,82.5694,8.0736
2020-06-14 02:00:01,82.5662,8.0872
2020-06-14 03:00:00,82.5622,8.102
2020-06-14 03:59:59,82.558,8.1168
2020-06-14 05:00:01,82.5536,8.13
2020-06-14 06:00:00,82.549,8.1436
2020-06-14 06:59:59,82.5444,8.1582
2020-06-14 08:00:01,82.5396,8.1762
2020-06-14 09:00:00,82.5344,8.1958
2020-06-14 09:59:59,82.5292,8.2164
2020-06-14 11:00:01,82.5238,8.2346
2020-06-14 12:00:00,82.518,8.2494
2020-06-14 12:59:59,82.5118,8.2586
2020-06-14 14:00:01,82.5058,8.265
2020-06-14 15:00:00,82.5,8.2654
2020-06-14 15:59:59,82.4942,8.2542
2020-06-14 17:00:01,82.4898,8.2348
2020-06-14 18:00:00,82.487,8.2094
2020-06-14 18:59:59,82.4842,8.1844
2020-06-14 20:00:01,82.4814,8.1602
2020-06-14 21:00:00,82.479,8.1424
2020-06-14 21:59:59,82.4768,8.1298
2020-06-14 23:00:01,82.4742,8.1302
2020-06-15 00:00:00,82.4716,8.1388
2020-06-15 00:59:59,82.4686,8.1524
2020-06-15 02:00:01,82.4652,8.1676
2020-06-15 03:00:00,82.4614,8.1836
2020-06-15 03:59:59,82.457,8.202
2020-06-15 05:00:01,82.452,8.219
2020-06-15 06:00:00,82.4466,8.2392
2020-06-15 06:59:59,82.4408,8.265
2020-06-15 08:00:01,82.4344,8.2948
2020-06-15 09:00:00,82.4272,8.3274
2020-06-15 09:59:59,82.4202,8.3566
2020-06-15 11:00:01,82.412,8.3808
2020-06-15 12:00:00,82.4028,8.3936
2020-06-15 12:59:59,82.3936,8.396
2020-06-15 14:00:01,82.384,8.386
2020-06-15 15:00:00,82.375,8.3616
2020-06-15 15:59:59,82.3672,8.3254
2020-06-15 17:00:01,82.3602,8.293
2020-06-15 18:00:00,82.3538,8.262
2020-06-15 18:59:59,82.3482,8.2322
2020-06-15 20:00:01,82.344,8.2112
2020-06-15 21:00:00,82.3394,8.2072
2020-06-15 21:59:59,82.3334,8.2104
2020-06-15 23:00:01,82.3272,8.2186
2020-06-16 00:00:00,82.3208,8.2306
2020-06-16 00:59:59,82.3146,8.243
2020-06-16 02:00:01,82.308,8.256
2020-06-16 03:00:00,82.3018,8.2712
2020-06-16 03:59:59,82.2952,8.2896
2020-06-16 05:00:01,82.2886,8.3096
2020-06-16 06:00:00,82.2822,8.333
2020-06-16 06:59:59,82.2756,8.357
2020-06-16 08:00:01,82.2684,8.377
2020-06-16 09:00:00,82.2616,8.3924
2020-06-16 09:59:59,82.2544,8.405
2020-06-16 11:00:01,82.2466,8.4032
2020-06-16 12:00:00,82.2394,8.395
2020-06-16 12:59:59,82.2328,8.387
2020-06-16 14:00:01,82.227,8.375
2020-06-16 15:00:00,82.221,8.3586
2020-06-16 15:59:59,82.215,8.3376
2020-06-16 17:00:01,82.2094,8.312
2020-06-16 18:00:00,82.2044,8.2888
2020-06-16 18:59:59,82.2002,8.2674
2020-06-16 20:00:01,82.197,8.2506
2020-06-16 21:00:00,82.195,8.2466
2020-06-16 21:59:59,82.1936,8.2534
2020-06-16 23:00:01,82.1926,8.268
2020-06-17 00:00:00,82.1918,8.2874
2020-06-17 00:59:59,82.1908,8.3096
2020-06-17 02:00:01,82.1894,8.3342
2020-06-17 03:00:00,82.1876,8.3626
2020-06-17 03:59:59,82.1854,8.3958
2020-06-17 05:00:01,82.1824,8.4316
2020-06-17 06:00:00,82.1788,8.468
2020-06-17 06:59:59,82.1744,8.502
2020-06-17 08:00:01,82.1698,8.5312
2020-06-17 09:00:00,82.165,8.554
2020-06-17 09:59:59,82.1604,8.5704
2020-06-17 11:00:01,82.1556,8.5814
2020-06-17 12:00:00,82.1504,8.5836
2020-06-17 12:59:59,82.1452,8.5782
2020-06-17 14:00:01,82.1404,8.568
2020-06-17 15:00:00,82.1358,8.5528
2020-06-17 15:59:59,82.1316,8.5314
2020-06-17 17:00:01,82.1286,8.5094
2020-06-17 18:00:00,82.1256,8.4888
2020-06-17 18:59:59,82.1232,8.4732
2020-06-17 20:00:01,82.1208,8.464
2020-06-17 21:00:00,82.119,8.4616
2020-06-17 21:59:59,82.118,8.4656
2020-06-17 23:00:01,82.1172,8.476
2020-06-18 00:00:00,82.1166,8.4914
2020-06-18 00:59:59,82.116,8.5096
2020-06-18 02:00:01,82.1148,8.531
2020-06-18 03:00:00,82.1132,8.5534
2020-06-18 03:59:59,82.1106,8.5742
2020-06-18 05:00:01,82.107,8.5884
2020-06-18 06:00:00,82.1032,8.5938
2020-06-18 06:59:59,82.0992,8.5964
2020-06-18 08:00:01,82.095,8.5972
2020-06-18 09:00:00,82.091,8.5978
2020-06-18 09:59:59,82.0868,8.5988
2020-06-18 11:00:01,82.0826,8.6004
2020-06-18 12:00:00,82.0782,8.5998
2020-06-18 12:59:59,82.0732,8.5936
2020-06-18 14:00:01,82.0676,8.5794
2020-06-18 15:00:00,82.0622,8.5582
2020-06-18 15:59:59,82.057,8.5288
2020-06-18 17:00:01,82.0528,8.4976
2020-06-18 18:00:00,82.0496,8.4708
2020-06-18 18:59:59,82.047,8.4522
2020-06-18 20:00:01,82.0454,8.439
2020-06-18 21:00:00,82.0442,8.4366
2020-06-18 21:59:59,82.0434,8.4432
2020-06-18 23:00:01,82.0434,8.4554
2020-06-19 00:00:00,82.0442,8.4732
2020-06-19 00:59:59,82.0452,8.4942
2020-06-19 02:00:01,82.0462,8.518
2020-06-19 03:00:00,82.0468,8.5436
2020-06-19 03:59:59,82.0468,8.5722
2020-06-19 05:00:01,82.0462,8.6016
2020-06-19 06:00:00,82.045,8.6322
2020-06-19 06:59:59,82.043,8.66
2020-06-19 08:00:01,82.0408,8.6816
2020-06-19 09:00:00,82.0384,8.696
2020-06-19 09:59:59,82.0366,8.7076
2020-06-19 11:00:01,82.0366,8.7264
2020-06-19 12:00:00,82.0372,8.7506
2020-06-19 12:59:59,82.0372,8.7758
2020-06-19 14:00:01,82.0372,8.7968
2020-06-19 15:00:00,82.0366,8.8132
2020-06-19 15:59:59,82.0362,8.8206
2020-06-19 17:00:01,82.0364,8.8196
2020-06-19 18:00:00,82.0368,8.8156
2020-06-19 18:59:59,82.0376,8.8122
2020-06-19 20:00:01,82.0386,8.8158
2020-06-19 21:00:00,82.04,8.8274
2020-06-19 21:59:59,82.0416,8.8514
2020-06-19 23:00:01,82.0438,8.8798
2020-06-20 00:00:00,82.0462,8.9126
2020-06-20 00:59:59,82.0486,8.948
2020-06-20 02:00:01,82.0506,8.9846
2020-06-20 03:00:00,82.0522,9.02
2020-06-20 03:59:59,82.0532,9.0522
2020-06-20 05:00:01,82.0534,9.0816
2020-06-20 06:00:00,82.0528,9.108
2020-06-20 06:59:59,82.0516,9.1292
2020-06-20 08:00:01,82.0494,9.1448
2020-06-20 09:00:00,82.0468,9.1546
2020-06-20 09:59:59,82.0434,9.1612
2020-06-20 11:00:01,82.0398,9.162
2020-06-20 12:00:00,82.0364,9.157
2020-06-20 12:59:59,82.033,9.146
2020-06-20 14:00:01,82.0296,9.129
2020-06-20 15:00:00,82.0264,9.1056
2020-06-20 15:59:59,82.0236,9.0754
2020-06-20 17:00:01,82.0214,9.0408
2020-06-20 18:00:00,82.02,9.0102
2020-06-20 18:59:59,82.0194,8.9858
2020-06-20 20:00:01,82.019,8.9692
2020-06-20 21:00:00,82.0192,8.9638
2020-06-20 21:59:59,82.0196,8.9702
2020-06-20 23:00:01,82.0202,8.9854
2020-06-21 00:00:00,82.0212,9.0066
2020-06-21 00:59:59,82.0222,9.0328
2020-06-21 02:00:01,82.0232,9.0622
2020-06-21 03:00:00,82.0238,9.094
2020-06-21 03:59:59,82.0238,9.1246
2020-06-21 05:00:01,82.0228,9.1518
2020-06-21 06:00:00,82.0204,9.175
2020-06-21 06:59:59,82.017,9.1928
2020-06-21 08:00:01,82.0126,9.205
2020-06-21 09:00:00,82.0078,9.2108
2020-06-21 09:59:59,82.0026,9.2114
2020-06-21 11:00:01,81.9968,9.207
2020-06-21 12:00:00,81.9914,9.192
2020-06-21 12:59:59,81.9868,9.167
2020-06-21 14:00:01,81.9832,9.1394
2020-06-21 15:00:00,81.9804,9.1122
2020-06-21 15:59:59,81.9786,9.0864
2020-06-21 17:00:01,81.978,9.061
2020-06-21 18:00:00,81.978,9.0408
2020-06-21 18:59:59,81.9784,9.0276
2020-06-21 20:00:01,81.9788,9.02
2020-06-21 21:00:00,81.9792,9.0198
2020-06-21 21:59:59,81.9802,9.0264
2020-06-21 23:00:01,81.9814,9.0438
2020-06-22 00:00:00,81.9832,9.0696
2020-06-22 00:59:59,81.9854,9.0986
2020-06-22 02:00:01,81.9882,9.1314
2020-06-22 03:00:00,81.991,9.1686
2020-06-22 03:59:59,81.9934,9.2072
2020-06-22 05:00:01,81.9954,9.246
2020-06-22 06:00:00,81.9964,9.2834
2020-06-22 06:59:59,81.9956,9.3164
2020-06-22 08:00:01,81.9934,9.3406
2020-06-22 09:00:00,81.99,9.3536
2020-06-22 09:59:59,81.9856,9.3576
2020-06-22 11:00:01,81.981,9.3506
2020-06-22 12:00:00,81.977,9.333
2020-06-22 12:59:59,81.9744,9.3118
2020-06-22 14:00:01,81.9726,9.2876
2020-06-22 15:00:00,81.9722,9.263
2020-06-22 15:59:59,81.9728,9.2406
2020-06-22 17:00:01,81.9746,9.2242
2020-06-22 18:00:00,81.9766,9.2104
2020-06-22 18:59:59,81.9794,9.199
2020-06-22 20:00:01,81.9824,9.1988
2020-06-22 21:00:00,81.9856,9.2066
2020-06-22 21:59:59,81.989,9.223
2020-06-22 23:00:01,81.9928,9.2484
2020-06-23 00:00:00,81.9972,9.2822
2020-06-23 00:59:59,82.0022,9.3256
2020-06-23 02:00:01,82.0074,9.3772
2020-06-23 03:00:00,82.0122,9.4344
2020-06-23 03:59:59,82.0164,9.4936
2020-06-23 05:00:01,82.0196,9.5492
2020-06-23 06:00:00,82.0218,9.5992
2020-06-23 06:59:59,82.0224,9.6424
2020-06-23 08:00:01,82.0214,9.6762
2020-06-23 09:00:00,82.0192,9.6974
2020-06-23 09:59:59,82.0158,9.7076
2020-06-23 11:00:01,82.0122,9.709
2020-06-23 12:00:00,82.0086,9.7042
2020-06-23 12:59:59,82.006,9.6978
2020-06-23 14:00:01,82.0044,9.6892
2020-06-23 15:00:00,82.0036,9.6794
2020-06-23 15:59:59,82.0036,9.6646
2020-06-23 17:00:01,82.0046,9.6436
2020-06-23 18:00:00,82.007,9.6204
2020-06-23 18:59:59,82.0106,9.6038
2020-06-23 20:00:01,82.015,9.595
2020-06-23 21:00:00,82.02,9.5926
2020-06-23 21:59:59,82.0252,9.5976
2020-06-23 23:00:01,82.0304,9.612
2020-06-24 00:00:00,82.0356,9.6366
2020-06-24 00:59:59,82.041,9.6748
2020-06-24 02:00:01,82.0462,9.7228
2020-06-24 03:00:00,82.0514,9.777
2020-06-24 03:59:59,82.0558,9.835
2020-06-24 05:00:01,82.059,9.8902
2020-06-24 06:00:00,82.0606,9.9372
2020-06-24 06:59:59,82.061,9.9734
2020-06-24 08:00:01,82.0594,9.9974
2020-06-24 09:00:00,82.0572,10.0106
2020-06-24 09:59:59,82.0538,10.0134
2020-06-24 11:00:01,82.0498,10.0102
2020-06-24 12:00:00,82.0458,10.0012
2020-06-24 12:59:59,82.0418,9.9864
2020-06-24 14:00:01,82.0384,9.967
2020-06-24 15:00:00,82.0362,9.9442
2020-06-24 15:59:59,82.0348,9.9156
2020-06-24 17:00:01,82.0348,9.8796
2020-06-24 18:00:00,82.0358,9.8482
2020-06-24 18:59:59,82.038,9.8216
2020-06-24 20:00:01,82.041,9.8052
2020-06-24 21:00:00,82.0448,9.7968
2020-06-24 21:59:59,82.0488,9.7962
2020-06-24 23:00:01,82.053,9.8068
2020-06-25 00:00:00,82.0572,9.8302
2020-06-25 00:59:59,82.0618,9.8654
2020-06-25 02:00:01,82.0662,9.9118
2020-06-25 03:00:00,82.07,9.9654
2020-06-25 03:59:59,82.073,10.021
2020-06-25 05:00:01,82.075,10.0764
2020-06-25 06:00:00,82.076,10.1254
2020-06-25 06:59:59,82.076,10.1648
2020-06-25 08:00:59,82.075,10.1924
2020-06-25 09:00:00,82.0728,10.2054
2020-06-25 09:59:59,82.0696,10.2114
2020-06-25 11:00:01,82.0658,10.2064
2020-06-25 12:00:00,82.0616,10.1926
2020-06-25 12:59:59,82.0566,10.1722
2020-06-25 14:00:01,82.0516,10.149
2020-06-25 15:00:00,82.0476,10.122
2020-06-25 15:59:59,82.0438,10.092
2020-06-25 17:00:01,82.041,10.06
2020-06-25 18:00:00,82.0392,10.0226
2020-06-25 19:01:00,82.0384,9.9822
2020-06-25 20:00:01,82.039,9.9464
2020-06-25 21:00:00,82.041,9.9182
2020-06-25 21:59:59,82.044,9.8992
2020-06-25 23:00:01,82.0472,9.8904
2020-06-26 00:00:00,82.0508,9.8944
2020-06-26 00:59:59,82.0544,9.9106
2020-06-26 02:00:59,82.0578,9.9372
2020-06-26 03:00:00,82.0604,9.9728
2020-06-26 03:59:59,82.0622,10.0158
2020-06-26 05:00:01,82.0622,10.067
2020-06-26 06:00:00,82.061,10.1172
2020-06-26 06:59:59,82.0588,10.1608
2020-06-26 08:00:01,82.0552,10.1974
2020-06-26 09:00:00,82.0508,10.2242
2020-06-26 09:59:59,82.046,10.2374
2020-06-26 11:00:01,82.0402,10.2392
2020-06-26 12:00:00,82.0334,10.2316
2020-06-26 12:59:59,82.0262,10.212
2020-06-26 14:00:01,82.0192,10.1804
2020-06-26 15:00:00,82.0122,10.1462
2020-06-26 15:59:59,82.005,10.1092
2020-06-26 17:00:01,81.9982,10.0662
2020-06-26 18:00:00,81.9926,10.021
2020-06-26 18:59:59,81.9878,9.9736
2020-06-26 20:00:01,81.985,9.9278
2020-06-26 21:00:00,81.983,9.8834
2020-06-26 21:59:59,81.9826,9.8462
2020-06-26 23:00:01,81.9832,9.8194
2020-06-27 00:00:00,81.9844,9.8056
2020-06-27 00:59:59,81.9854,9.802
2020-06-27 02:00:01,81.9864,9.808
2020-06-27 03:00:00,81.9874,9.8232
2020-06-27 03:59:59,81.9872,9.8454
2020-06-27 05:00:01,81.9858,9.8702
2020-06-27 06:00:00,81.9838,9.8934
2020-06-27 06:59:59,81.9806,9.9134
2020-06-27 08:00:01,81.9762,9.9268
2020-06-27 09:00:00,81.9712,9.9312
2020-06-27 09:59:59,81.9656,9.928
2020-06-27 11:00:01,81.9604,9.9172
2020-06-27 12:00:00,81.9548,9.9018
2020-06-27 12:59:59,81.9486,9.8832
2020-06-27 14:00:01,81.942,9.8618
2020-06-27 15:00:00,81.9352,9.8368
2020-06-27 15:59:59,81.9284,9.8076
2020-06-27 17:00:01,81.9224,9.7732
2020-06-27 18:00:00,81.9174,9.7332
2020-06-27 18:59:59,81.9138,9.688
2020-06-27 20:00:01,81.9118,9.6428
2020-06-27 21:00:00,81.9114,9.6
2020-06-27 21:59:59,81.912,9.5598
2020-06-27 23:00:01,81.913,9.527
2020-06-28 00:00:00,81.9142,9.5054
2020-06-28 00:59:59,81.915,9.4954
2020-06-28 02:00:01,81.9154,9.4964
2020-06-28 03:00:00,81.9148,9.5038
2020-06-28 03:59:59,81.9134,9.5122
2020-06-28 05:00:01,81.9116,9.522
2020-06-28 06:00:00,81.9086,9.5336
2020-06-28 06:59:59,81.9054,9.5388
2020-06-28 08:00:01,81.902,9.5384
2020-06-28 09:00:00,81.8982,9.5358
2020-06-28 09:59:59,81.8936,9.5298
2020-06-28 11:00:01,81.8878,9.5184
2020-06-28 12:00:00,81.8812,9.5014
2020-06-28 12:59:59,81.8744,9.4798
2020-06-28 14:00:01,81.8674,9.453
2020-06-28 15:00:00,81.8602,9.4234
2020-06-28 15:59:59,81.8532,9.392
2020-06-28 17:00:01,81.8466,9.3576
2020-06-28 18:00:00,81.8408,9.3226
2020-06-28 18:59:59,81.8366,9.2878
2020-06-28 20:00:01,81.8342,9.2546
2020-06-28 21:00:00,81.8338,9.2266
2020-06-28 21:59:59,81.8344,9.2036
2020-06-28 23:00:01,81.8354,9.1862
2020-06-29 00:00:00,81.837,9.176
2020-06-29 00:59:59,81.8388,9.1732
2020-06-29 02:00:01,81.84,9.1754
2020-06-29 03:00:00,81.8398,9.1814
2020-06-29 03:59:59,81.8392,9.1888
2020-06-29 05:00:01,81.8382,9.1956
2020-06-29 06:00:00,81.837,9.202
2020-06-29 06:59:59,81.8356,9.204
2020-06-29 08:00:01,81.8344,9.203
2020-06-29 09:00:00,81.8334,9.1976
2020-06-29 09:59:59,81.8326,9.1886
2020-06-29 11:00:01,81.8316,9.1784
2020-06-29 12:00:00,81.83,9.1662
2020-06-29 13:02:00,81.8274,9.1512
2020-06-29 14:02:00,81.824,9.1314
2020-06-29 15:02:01,81.8202,9.1082
2020-06-29 16:02:00,81.816,9.082
2020-06-29 17:02:00,81.8118,9.0534
2020-06-29 18:02:01,81.8082,9.0222
2020-06-29 19:02:00,81.8058,8.9924
2020-06-29 20:02:00,81.8048,8.9666
2020-06-29 21:02:01,81.8052,8.9456
2020-06-29 22:02:00,81.8064,8.9328
2020-06-29 23:02:00,81.8084,8.9288
2020-06-30 00:02:01,81.8106,8.933
2020-06-30 01:02:00,81.8122,8.9444
2020-06-30 02:02:00,81.813,8.9586
2020-06-30 03:02:01,81.8128,8.9738
2020-06-30 04:02:00,81.8116,8.986
2020-06-30 05:02:00,81.81,8.9964
2020-06-30 06:02:01,81.8078,9.0034
2020-06-30 07:02:00,81.8058,9.0056
2020-06-30 08:02:00,81.8042,9.0052
2020-06-30 09:02:01,81.803,9.0046
2020-06-30 10:02:00,81.8018,9.0042
2020-06-30 11:02:00,81.8004,9.0026
2020-06-30 12:02:01,81.7984,9.0002
2020-06-30 13:02:00,81.796,8.9946
2020-06-30 14:02:00,81.7928,8.9844
2020-06-30 15:02:01,81.7892,8.97
2020-06-30 16:02:00,81.785,8.951
2020-06-30 17:02:00,81.781,8.9288
2020-06-30 18:02:01,81.7776,8.9058
2020-06-30 19:02:00,81.7754,8.882
2020-06-30 20:02:00,81.7744,8.86
2020-06-30 21:02:01,81.7748,8.8434
2020-06-30 22:02:00,81.7766,8.8352
2020-06-30 23:02:00,81.7788,8.8364
2020-07-01 00:02:01,81.7812,8.846
2020-07-01 01:02:00,81.7832,8.86
2020-07-01 02:02:00,81.7842,8.8764
2020-07-01 03:02:01,81.784,8.8922
2020-07-01 04:02:00,81.7828,8.9048
2020-07-01 05:02:00,81.7808,8.9136
2020-07-01 06:02:01,81.7782,8.9176
2020-07-01 07:02:00,81.7758,8.916
2020-07-01 08:02:00,81.774,8.9112
2020-07-01 09:02:01,81.773,8.9062
2020-07-01 10:02:00,81.7724,8.9016
2020-07-01 11:02:00,81.772,8.8974
2020-07-01 12:02:01,81.7714,8.8936
2020-07-01 13:02:00,81.7706,8.889
2020-07-01 14:02:00,81.7692,8.882
2020-07-01 15:02:01,81.7672,8.8694
2020-07-01 16:02:00,81.7648,8.8506
2020-07-01 17:02:00,81.7624,8.8282
2020-07-01 18:02:01,81.7604,8.8036
2020-07-01 19:02:00,81.7592,8.78
2020-07-01 20:02:00,81.759,8.7594
2020-07-01 21:02:01,81.76,8.7434
2020-07-01 22:02:00,81.7614,8.7324
2020-07-01 23:02:00,81.7632,8.7252
2020-07-02 00:02:01,81.765,8.7204
2020-07-02 01:02:00,81.7666,8.717
2020-07-02 02:02:00,81.7672,8.715
2020-07-02 03:02:01,81.7666,8.709
2020-07-02 04:02:00,81.7648,8.6974
2020-07-02 05:02:00,81.7614,8.682
2020-07-02 06:02:01,81.7572,8.6616
2020-07-02 07:02:00,81.7522,8.6378
2020-07-02 08:02:00,81.7464,8.6096
2020-07-02 09:02:01,81.7408,8.5788
2020-07-02 10:02:00,81.7354,8.5462
2020-07-02 11:02:00,81.7306,8.514
2020-07-02 12:02:01,81.726,8.4838
2020-07-02 13:02:00,81.7218,8.4526
2020-07-02 14:02:00,81.7172,8.4202
2020-07-02 15:02:01,81.7122,8.3866
2020-07-02 16:02:00,81.7068,8.3506
2020-07-02 17:02:00,81.7012,8.3094
2020-07-02 18:02:01,81.6962,8.2638
2020-07-02 19:02:00,81.6926,8.2154
2020-07-02 20:02:00,81.6908,8.1652
2020-07-02 21:02:01,81.6914,8.121
2020-07-02 22:02:00,81.6938,8.0836
2020-07-02 23:02:00,81.6976,8.0542
2020-07-03 00:02:01,81.701,8.0344
2020-07-03 01:02:00,81.7036,8.0208
2020-07-03 02:02:00,81.7048,8.009
2020-07-03 03:02:01,81.7046,7.9958
2020-07-03 04:02:00,81.7032,7.9798
2020-07-03 05:02:00,81.7,7.955
2020-07-03 06:02:01,81.6956,7.9186
2020-07-03 07:02:00,81.6904,7.8714
2020-07-03 08:02:00,81.6852,7.8148
2020-07-03 09:02:01,81.681,7.7484
2020-07-03 10:02:00,81.6782,7.678
2020-07-03 11:02:00,81.6768,7.6062
2020-07-03 12:02:01,81.6774,7.5404
2020-07-03 13:02:00,81.679,7.481
2020-07-03 14:02:00,81.6812,7.4272
2020-07-03 15:02:01,81.6836,7.3832
2020-07-03 16:02:00,81.6846,7.342
2020-07-03 17:02:00,81.6854,7.297
2020-07-03 18:02:01,81.6864,7.2494
2020-07-03 19:02:00,81.6876,7.2042
2020-07-03 20:02:00,81.6892,7.1628
2020-07-03 21:02:01,81.6918,7.1224
2020-07-03 22:02:00,81.6954,7.0814
2020-07-03 23:02:00,81.7004,7.0478
2020-07-04 00:02:01,81.7056,7.0262
2020-07-04 01:02:00,81.711,7.0128
2020-07-04 02:02:00,81.715,7.0048
2020-07-04 03:02:01,81.717,7.0012
2020-07-04 04:02:00,81.718,6.9966
2020-07-04 05:02:00,81.718,6.9878
2020-07-04 06:02:01,81.7166,6.9706
2020-07-04 07:02:00,81.7144,6.943
2020-07-04 08:02:00,81.7126,6.905
2020-07-04 09:02:01,81.7114,6.86
2020-07-04 10:02:00,81.7112,6.811
2020-07-04 11:02:00,81.7122,6.765
2020-07-04 12:02:01,81.7142,6.73
2020-07-04 13:02:00,81.7168,6.7088
2020-07-04 14:02:00,81.7188,6.6952
2020-07-04 15:02:01,81.7202,6.684
2020-07-04 16:02:00,81.7212,6.671
2020-07-04 17:02:00,81.7216,6.6552
2020-07-04 18:02:01,81.7214,6.6366
2020-07-04 19:02:00,81.7212,6.6152
2020-07-04 20:02:00,81.7214,6.5926
2020-07-04 21:02:01,81.7226,6.5724
2020-07-04 22:02:00,81.7252,6.5556
2020-07-04 23:02:00,81.7284,6.5486
2020-07-05 00:02:01,81.7318,6.5524
2020-07-05 01:02:00,81.7344,6.5644
2020-07-05 02:02:00,81.736,6.577
2020-07-05 03:02:01,81.7366,6.5866
2020-07-05 04:02:00,81.7354,6.5888
2020-07-05 05:02:00,81.7326,6.5774
2020-07-05 06:02:01,81.7286,6.5512
2020-07-05 07:02:00,81.724,6.5118
2020-07-05 08:02:00,81.7192,6.4632
2020-07-05 09:02:01,81.715,6.4122
2020-07-05 10:02:00,81.7116,6.3652
2020-07-05 11:02:00,81.7076,6.319
2020-07-05 12:02:01,81.7034,6.2738
2020-07-05 13:02:00,81.6994,6.2304
2020-07-05 14:02:00,81.6958,6.1854
2020-07-05 15:02:01,81.6932,6.1382
2020-07-05 16:02:00,81.6912,6.0884
2020-07-05 17:02:00,81.6894,6.0356
2020-07-05 18:02:01,81.688,5.9804
2020-07-05 19:02:00,81.6874,5.9244
2020-07-05 20:02:00,81.688,5.8698
2020-07-05 21:02:01,81.6894,5.8206
2020-07-05 22:02:00,81.6916,5.78
2020-07-05 23:02:00,81.6958,5.7476
2020-07-06 00:02:01,81.7006,5.7262
2020-07-06 01:02:00,81.705,5.714
2020-07-06 02:02:00,81.7086,5.7094
2020-07-06 03:02:01,81.7112,5.71
2020-07-06 04:02:00,81.7126,5.7082
2020-07-06 05:02:00,81.7124,5.7002
2020-07-06 06:02:01,81.7108,5.685
2020-07-06 07:02:00,81.708,5.6616
2020-07-06 08:02:00,81.7042,5.6274
2020-07-06 09:02:01,81.6998,5.585
2020-07-06 10:02:00,81.6954,5.5374
2020-07-06 11:02:00,81.691,5.4858
2020-07-06 12:02:01,81.6874,5.4326
2020-07-06 13:02:00,81.6846,5.3796
2020-07-06 14:02:00,81.683,5.3316
2020-07-06 15:02:01,81.6818,5.2884
2020-07-06 16:02:00,81.6808,5.247
2020-07-06 17:02:00,81.6794,5.203
2020-07-06 18:02:01,81.6778,5.1568
2020-07-06 19:02:00,81.676,5.1062
2020-07-06 20:02:00,81.6746,5.053
2020-07-06 21:02:01,81.6738,5.0006
2020-07-06 22:02:00,81.6734,4.9506
2020-07-06 23:02:00,81.6738,4.9074
2020-07-07 00:02:01,81.6752,4.876
2020-07-07 01:02:00,81.6774,4.85
2020-07-07 02:02:00,81.6798,4.8298
2020-07-07 03:02:01,81.6818,4.8182
2020-07-07 04:02:00,81.6828,4.8146
2020-07-07 05:02:00,81.6822,4.8136
2020-07-07 06:02:01,81.68,4.8046
2020-07-07 07:02:00,81.676,4.7888
2020-07-07 08:02:00,81.6702,4.7604
2020-07-07 09:02:01,81.664,4.7208
2020-07-07 10:02:00,81.6572,4.6726
2020-07-07 11:02:00,81.6508,4.6124
2020-07-07 12:02:01,81.6458,4.5456
2020-07-07 13:02:00,81.642,4.4746
2020-07-07 14:02:00,81.6392,4.4052
2020-07-07 15:02:01,81.6374,4.3416
2020-07-07 16:02:00,81.6358,4.2812
2020-07-07 17:02:00,81.6344,4.2216
2020-07-07 18:02:01,81.6326,4.1634
2020-07-07 19:02:00,81.6302,4.1028
2020-07-07 20:02:00,81.6274,4.0396
2020-07-07 21:02:01,81.6252,3.9742
2020-07-07 22:02:00,81.6234,3.9084
2020-07-07 23:02:00,81.6228,3.843
2020-07-08 00:02:01,81.6236,3.7822
2020-07-08 01:02:00,81.6258,3.727
2020-07-08 02:02:00,81.628,3.6828
2020-07-08 03:02:01,81.63,3.6492
2020-07-08 04:02:00,81.6312,3.6202
2020-07-08 05:02:00,81.6308,3.5924
2020-07-08 06:02:01,81.6298,3.5636
2020-07-08 07:02:00,81.6276,3.5316
2020-07-08 08:02:00,81.624,3.495
2020-07-08 09:02:01,81.6192,3.454
2020-07-08 10:02:00,81.6134,3.4042
2020-07-08 11:02:00,81.6078,3.342
2020-07-08 12:02:01,81.6028,3.2806
2020-07-08 13:02:00,81.5986,3.2184
2020-07-08 14:02:00,81.5962,3.1548
2020-07-08 15:02:01,81.5946,3.096
2020-07-08 16:02:00,81.5928,3.0484
2020-07-08 17:02:00,81.5912,3.0058
2020-07-08 18:02:01,81.589,2.9664
2020-07-08 19:02:00,81.5862,2.925
2020-07-08 20:02:00,81.5826,2.8842
2020-07-08 21:02:01,81.5786,2.8386
2020-07-08 22:02:00,81.5748,2.7884
2020-07-08 23:02:00,81.5716,2.7384
2020-07-09 00:02:01,81.5686,2.697
2020-07-09 01:02:00,81.5674,2.6612
2020-07-09 02:02:00,81.567,2.639
2020-07-09 03:02:01,81.5668,2.6314
2020-07-09 04:02:00,81.567,2.6314
2020-07-09 05:02:00,81.5672,2.6334
2020-07-09 06:02:01,81.5668,2.6354
2020-07-09 07:02:00,81.5658,2.6362
2020-07-09 08:02:00,81.564,2.6356
2020-07-09 09:02:01,81.561,2.6332
2020-07-09 10:02:00,81.5572,2.6284
2020-07-09 11:02:00,81.5528,2.6204
2020-07-09 12:02:01,81.549,2.6116
2020-07-09 13:02:00,81.5454,2.6034
2020-07-09 14:02:00,81.5424,2.5968
2020-07-09 15:02:01,81.5396,2.5912
2020-07-09 16:01:00,81.5372,2.5866
2020-07-09 17:02:00,81.5346,2.5776
2020-07-09 18:02:01,81.5326,2.5622
2020-07-09 19:02:00,81.5312,2.54
2020-07-09 20:02:00,81.5302,2.5154
2020-07-09 21:02:01,81.5292,2.49
2020-07-09 22:02:00,81.528,2.4662
2020-07-09 23:02:00,81.5272,2.4432
2020-07-10 00:02:01,81.5266,2.4244
2020-07-10 01:02:00,81.5266,2.4116
2020-07-10 02:02:00,81.5272,2.4068
2020-07-10 03:02:01,81.5282,2.4082
2020-07-10 04:02:00,81.5296,2.4142
2020-07-10 05:02:00,81.5302,2.422
2020-07-10 06:02:01,81.5302,2.4296
2020-07-10 07:02:00,81.5294,2.4356
2020-07-10 08:02:00,81.5276,2.438
2020-07-10 09:02:01,81.525,2.436
2020-07-10 10:02:00,81.5214,2.4284
2020-07-10 11:02:00,81.5172,2.415
2020-07-10 12:02:01,81.5128,2.396
2020-07-10 13:02:00,81.5084,2.3736
2020-07-10 14:02:00,81.5044,2.3478
2020-07-10 15:02:01,81.5006,2.3206
2020-07-10 16:02:00,81.4972,2.2934
2020-07-10 17:02:00,81.494,2.2658
2020-07-10 18:02:01,81.4916,2.2308
2020-07-10 19:02:00,81.4898,2.1946
2020-07-10 20:02:00,81.4882,2.157
2020-07-10 21:02:01,81.4862,2.119
2020-07-10 22:02:00,81.4844,2.0758
2020-07-10 23:02:00,81.4826,2.029
2020-07-11 00:02:01,81.481,1.9884
2020-07-11 01:02:00,81.4796,1.95
2020-07-11 02:02:00,81.4778,1.9172
2020-07-11 03:02:01,81.4758,1.888
2020-07-11 04:02:00,81.4742,1.8622
2020-07-11 05:02:00,81.4724,1.8396
2020-07-11 06:02:01,81.4702,1.8172
2020-07-11 07:02:00,81.4674,1.7908
2020-07-11 08:00:59,81.4642,1.7586
2020-07-11 09:02:01,81.4604,1.7196
2020-07-11 10:02:00,81.4568,1.6748
2020-07-11 11:02:00,81.454,1.6236
2020-07-11 12:02:01,81.4528,1.5698
2020-07-11 13:02:00,81.4524,1.5166
2020-07-11 14:02:00,81.4524,1.4614
2020-07-11 15:02:01,81.453,1.4044
2020-07-11 16:02:00,81.4542,1.3472
2020-07-11 17:02:00,81.456,1.2938
2020-07-11 18:02:01,81.4576,1.2438
2020-07-11 19:02:00,81.4584,1.1994
2020-07-11 20:03:00,81.4582,1.1474
2020-07-11 21:02:01,81.4576,1.0938
2020-07-11 22:02:00,81.4564,1.0308
2020-07-11 23:03:00,81.4548,0.9626
2020-07-12 00:02:59,81.4534,0.8872
2020-07-12 01:02:00,81.453,0.8138
2020-07-12 02:03:00,81.4542,0.7496
2020-07-12 03:02:01,81.4566,0.7008
2020-07-12 04:02:00,81.4594,0.6702
2020-07-12 05:02:00,81.4616,0.6544
2020-07-12 06:02:01,81.4624,0.6488
2020-07-12 07:02:00,81.4624,0.643
2020-07-12 08:02:00,81.461,0.6344
2020-07-12 09:02:01,81.4586,0.619
2020-07-12 10:02:00,81.456,0.5954
2020-07-12 11:02:00,81.4536,0.566
2020-07-12 12:02:01,81.452,0.535
2020-07-12 13:02:00,81.451,0.5064
2020-07-12 14:02:00,81.4506,0.4838
2020-07-12 15:02:01,81.4504,0.4678
2020-07-12 16:02:00,81.4502,0.457
2020-07-12 17:02:00,81.4502,0.4526
2020-07-12 18:02:01,81.4498,0.4496
2020-07-12 19:02:00,81.449,0.4452
2020-07-12 20:02:00,81.4474,0.435
2020-07-12 21:02:01,81.4454,0.42
2020-07-12 22:02:00,81.4432,0.3992
2020-07-12 23:02:00,81.4412,0.3784
2020-07-13 00:02:01,81.4394,0.3586
2020-07-13 01:02:00,81.4382,0.3408
2020-07-13 02:02:00,81.4372,0.3264
2020-07-13 03:02:01,81.4368,0.3182
2020-07-13 04:02:00,81.4364,0.3182
2020-07-13 05:02:00,81.436,0.3254
2020-07-13 06:02:01,81.4354,0.3368
2020-07-13 07:02:00,81.434,0.348
2020-07-13 08:02:00,81.432,0.3552
2020-07-13 09:02:01,81.4298,0.3562
2020-07-13 10:02:00,81.4274,0.352
2020-07-13 11:02:00,81.4254,0.344
2020-07-13 12:02:01,81.4236,0.3346
2020-07-13 13:02:00,81.422,0.3256
2020-07-13 14:02:00,81.421,0.3186
2020-07-13 15:02:01,81.42,0.3146
2020-07-13 16:02:00,81.4194,0.3136
2020-07-13 17:02:00,81.4186,0.314
2020-07-13 18:02:01,81.4176,0.314
2020-07-13 19:02:00,81.4166,0.3122
2020-07-13 20:02:00,81.4154,0.305
2020-07-13 21:02:01,81.4144,0.294
2020-07-13 22:02:00,81.4136,0.2802
2020-07-13 23:02:00,81.4128,0.266
2020-07-14 00:02:01,81.4122,0.2538
2020-07-14 01:02:00,81.4114,0.2368
2020-07-14 02:02:00,81.4106,0.2274
2020-07-14 03:02:01,81.4098,0.2264
2020-07-14 04:02:00,81.4088,0.2326
2020-07-14 05:02:00,81.407,0.243
2020-07-14 06:02:01,81.4048,0.255
2020-07-14 07:02:00,81.402,0.2658
2020-07-14 08:02:00,81.3988,0.2736
2020-07-14 09:02:01,81.3956,0.2774
2020-07-14 10:02:00,81.3924,0.2786
2020-07-14 11:02:00,81.3892,0.2784
2020-07-14 12:02:01,81.3858,0.278
2020-07-14 13:02:00,81.3824,0.279
2020-07-14 14:02:00,81.379,0.2824
2020-07-14 15:02:01,81.3752,0.2884
2020-07-14 16:02:00,81.3716,0.2964
2020-07-14 17:02:00,81.3676,0.3058
2020-07-14 18:02:01,81.3638,0.3136
2020-07-14 19:02:00,81.3598,0.3164
2020-07-14 20:02:00,81.3558,0.3144
2020-07-14 21:02:01,81.3522,0.3082
2020-07-14 22:02:00,81.3494,0.3016
2020-07-14 23:02:00,81.3472,0.297
2020-07-15 00:02:01,81.3452,0.2962
2020-07-15 01:02:00,81.3432,0.2994
2020-07-15 02:02:00,81.3408,0.3074
2020-07-15 03:02:01,81.3382,0.3184
2020-07-15 04:02:00,81.3346,0.3308
2020-07-15 05:02:00,81.3304,0.3426
2020-07-15 06:02:01,81.3258,0.3516
2020-07-15 07:02:00,81.3212,0.357
2020-07-15 08:02:00,81.3166,0.3586
2020-07-15 09:02:01,81.3128,0.3572
2020-07-15 10:02:00,81.3098,0.353
2020-07-15 11:02:00,81.3074,0.3472
2020-07-15 12:02:01,81.3056,0.3412
2020-07-15 12:59:59,81.3044,0.3374
2020-07-15 14:00:01,81.3028,0.3356
2020-07-15 15:00:00,81.301,0.3366
2020-07-15 15:59:59,81.2984,0.3396
2020-07-15 17:00:01,81.2954,0.344
2020-07-15 18:00:00,81.2922,0.3486
2020-07-15 18:59:59,81.2886,0.3516
2020-07-15 20:00:01,81.285,0.3512
2020-07-15 21:00:00,81.282,0.347
2020-07-15 21:59:59,81.2794,0.3412
2020-07-15 23:00:01,81.2774,0.334
2020-07-16 00:00:00,81.2758,0.3274
2020-07-16 00:59:59,81.2742,0.3224
2020-07-16 02:00:01,81.272,0.3202
2020-07-16 03:00:00,81.2694,0.3206
2020-07-16 03:59:59,81.266,0.3224
2020-07-16 05:00:01,81.2622,0.3246
2020-07-16 06:00:00,81.258,0.3266
2020-07-16 06:59:59,81.2536,0.3278
2020-07-16 08:00:01,81.2494,0.3276
2020-07-16 09:00:00,81.2452,0.3246
2020-07-16 09:59:59,81.2418,0.3192
2020-07-16 11:00:01,81.2388,0.312
2020-07-16 12:00:00,81.2362,0.304
2020-07-16 12:59:59,81.2336,0.297
2020-07-16 14:00:01,81.231,0.2922
2020-07-16 15:00:00,81.2278,0.2896
2020-07-16 15:59:59,81.2244,0.29
2020-07-16 17:00:01,81.2202,0.2926
2020-07-16 18:00:00,81.2158,0.2962
2020-07-16 18:59:59,81.2114,0.2984
2020-07-16 20:00:01,81.207,0.2988
2020-07-16 21:00:00,81.2034,0.2982
2020-07-16 21:59:59,81.2002,0.2972
2020-07-16 23:00:01,81.198,0.2972
2020-07-17 00:00:00,81.1962,0.2992
2020-07-17 00:59:59,81.1946,0.305
2020-07-17 02:00:01,81.1928,0.3146
2020-07-17 03:00:00,81.1904,0.3258
2020-07-17 03:59:59,81.187,0.3376
2020-07-17 05:00:01,81.1832,0.349
2020-07-17 06:00:00,81.1788,0.359
2020-07-17 06:59:59,81.1738,0.3648
2020-07-17 08:00:01,81.1692,0.37
2020-07-17 09:00:00,81.165,0.3708
2020-07-17 09:59:59,81.1614,0.3688
2020-07-17 11:00:01,81.1586,0.3668
2020-07-17 12:00:00,81.1556,0.3638
2020-07-17 12:59:59,81.1532,0.3602
2020-07-17 14:00:01,81.151,0.3584
2020-07-17 15:00:00,81.1486,0.36
2020-07-17 15:59:59,81.1452,0.362
2020-07-17 17:00:01,81.1414,0.3622
2020-07-17 18:00:00,81.1368,0.362
2020-07-17 18:59:59,81.1322,0.3602
2020-07-17 20:00:01,81.128,0.3572
2020-07-17 21:00:00,81.1246,0.3554
2020-07-17 21:59:59,81.122,0.3576
2020-07-17 23:00:01,81.121,0.3632
2020-07-18 00:00:00,81.12,0.3708
2020-07-18 00:59:59,81.1194,0.3852
2020-07-18 02:00:01,81.1182,0.4024
2020-07-18 03:00:00,81.1166,0.4152
2020-07-18 03:59:59,81.1142,0.4288
2020-07-18 05:00:01,81.1114,0.4406
2020-07-18 06:00:00,81.1078,0.4484
2020-07-18 06:59:59,81.1034,0.4542
2020-07-18 08:00:01,81.0992,0.4566
2020-07-18 09:00:00,81.095,0.4574
2020-07-18 09:59:59,81.091,0.4556
2020-07-18 11:00:01,81.0878,0.4456
2020-07-18 12:00:00,81.0854,0.4362
2020-07-18 12:59:59,81.0834,0.4272
2020-07-18 14:00:01,81.0808,0.4094
2020-07-18 15:00:00,81.0774,0.3884
2020-07-18 15:59:59,81.0734,0.367
2020-07-18 17:00:01,81.0692,0.3502
2020-07-18 18:00:00,81.0642,0.3352
2020-07-18 18:59:59,81.0592,0.3212
2020-07-18 20:00:01,81.0538,0.3104
2020-07-18 21:00:00,81.049,0.3012
2020-07-18 21:59:59,81.0452,0.2944
2020-07-18 23:00:01,81.0422,0.298
2020-07-19 00:00:00,81.0394,0.3084
2020-07-19 00:59:59,81.0354,0.3126
2020-07-19 02:00:01,81.0306,0.319
2020-07-19 03:00:00,81.0254,0.3212
2020-07-19 03:59:59,81.0206,0.3158
2020-07-19 05:00:01,81.0152,0.3108
2020-07-19 06:00:00,81.0098,0.2992
2020-07-19 06:59:59,81.0048,0.2846
2020-07-19 08:00:01,80.9996,0.2684
2020-07-19 09:00:00,80.994,0.2532
2020-07-19 09:59:59,80.9878,0.2448
2020-07-19 11:00:01,80.9824,0.2306
2020-07-19 12:00:00,80.9774,0.217
2020-07-19 12:59:59,80.9728,0.1942
2020-07-19 14:00:01,80.969,0.1668
2020-07-19 15:00:00,80.9656,0.1384
2020-07-19 15:59:59,80.9618,0.1126
2020-07-19 17:00:01,80.9574,0.089
2020-07-19 18:00:00,80.9518,0.068
2020-07-19 18:59:59,80.9456,0.052
2020-07-19 20:00:01,80.9384,0.0376
2020-07-19 21:00:00,80.9312,0.0226
2020-07-19 21:59:59,80.9242,0.0076
2020-07-19 23:00:01,80.9178,-0.0066
2020-07-20 00:00:00,80.9126,-0.022
2020-07-20 00:59:59,80.9084,-0.0376
2020-07-20 02:00:01,80.9054,-0.05
2020-07-20 03:00:00,80.903,-0.0572
2020-07-20 03:59:59,80.9002,-0.062
2020-07-20 05:00:01,80.8964,-0.068
2020-07-20 06:00:00,80.8912,-0.0776
2020-07-20 06:59:59,80.8838,-0.0944
2020-07-20 08:00:01,80.8744,-0.1146
2020-07-20 09:00:00,80.8646,-0.1396
2020-07-20 09:59:59,80.8558,-0.1644
2020-07-20 11:00:01,80.8484,-0.1862
2020-07-20 12:00:00,80.8428,-0.2054
2020-07-20 12:59:59,80.838,-0.2252
2020-07-20 14:00:01,80.8342,-0.2414
2020-07-20 15:00:00,80.8306,-0.2556
2020-07-20 15:59:59,80.8266,-0.2668
2020-07-20 17:00:01,80.8216,-0.2744
2020-07-20 18:00:00,80.8156,-0.279
2020-07-20 18:59:59,80.8082,-0.2814
2020-07-20 20:00:01,80.8002,-0.2826
2020-07-20 21:00:00,80.7916,-0.283
2020-07-20 21:59:59,80.7836,-0.2818
2020-07-20 23:00:01,80.7764,-0.2792
2020-07-21 00:00:00,80.7708,-0.2772
2020-07-21 00:59:59,80.7668,-0.273
2020-07-21 02:00:01,80.764,-0.267
2020-07-21 03:00:00,80.7616,-0.2596
2020-07-21 03:59:59,80.7592,-0.2524
2020-07-21 05:00:01,80.7562,-0.246
2020-07-21 06:00:00,80.7524,-0.2422
2020-07-21 06:59:59,80.7472,-0.2406
2020-07-21 08:00:01,80.7412,-0.2392
2020-07-21 09:00:00,80.7342,-0.241
2020-07-21 09:59:59,80.7272,-0.2438
2020-07-21 11:00:01,80.7204,-0.2488
2020-07-21 12:00:00,80.714,-0.2554
2020-07-21 12:59:59,80.709,-0.263
2020-07-21 14:00:01,80.7038,-0.267
2020-07-21 15:00:00,80.6988,-0.2686
2020-07-21 15:59:59,80.6936,-0.2672
2020-07-21 17:00:01,80.6872,-0.2622
2020-07-21 18:00:00,80.6798,-0.253
2020-07-21 18:59:59,80.6712,-0.239
2020-07-21 20:00:01,80.6616,-0.2214
2020-07-21 21:00:00,80.6514,-0.2012
2020-07-21 21:59:59,80.6406,-0.1816
2020-07-21 23:00:01,80.6304,-0.162
2020-07-22 00:00:00,80.623,-0.145
2020-07-22 00:59:59,80.6184,-0.1324
2020-07-22 02:00:01,80.6148,-0.1196
2020-07-22 03:00:00,80.613,-0.1042
2020-07-22 03:59:59,80.6116,-0.0862
2020-07-22 05:00:01,80.61,-0.0696
2020-07-22 06:00:00,80.6074,-0.0548
2020-07-22 06:59:59,80.6028,-0.0422
2020-07-22 08:00:01,80.5968,-0.036
2020-07-22 09:00:00,80.5894,-0.038
2020-07-22 09:59:59,80.5816,-0.0478
2020-07-22 11:00:01,80.5738,-0.0632
2020-07-22 12:00:00,80.5666,-0.0834
2020-07-22 12:59:59,80.5614,-0.1014
2020-07-22 14:00:01,80.5572,-0.112
2020-07-22 15:00:00,80.554,-0.1162
2020-07-22 15:59:59,80.551,-0.1116
2020-07-22 17:00:01,80.5472,-0.0986
2020-07-22 18:00:00,80.541,-0.0832
2020-07-22 18:59:59,80.533,-0.0672
2020-07-22 20:00:01,80.5234,-0.0568
2020-07-22 21:00:00,80.5126,-0.0526
2020-07-22 21:59:59,80.5014,-0.0576
2020-07-22 23:00:01,80.4908,-0.074
2020-07-23 00:00:00,80.4818,-0.095
2020-07-23 00:59:59,80.4758,-0.1184
2020-07-23 02:00:01,80.4732,-0.14
2020-07-23 03:00:00,80.4732,-0.1544
2020-07-23 03:59:59,80.4748,-0.1634
2020-07-23 05:00:01,80.4762,-0.162
2020-07-23 06:00:00,80.4758,-0.1558
2020-07-23 06:59:59,80.4726,-0.1496
2020-07-23 08:00:01,80.4664,-0.1474
2020-07-23 09:00:00,80.458,-0.1568
2020-07-23 09:59:59,80.4486,-0.181
2020-07-23 11:00:01,80.4394,-0.2158
2020-07-23 12:00:00,80.4314,-0.2588
2020-07-23 12:59:59,80.426,-0.3026
2020-07-23 14:00:01,80.4234,-0.338
2020-07-23 15:00:00,80.4222,-0.363
2020-07-23 15:59:59,80.4218,-0.3746
2020-07-23 17:00:01,80.4212,-0.3744
2020-07-23 18:00:00,80.4186,-0.3652
2020-07-23 18:59:59,80.4136,-0.353
2020-07-23 20:00:01,80.4054,-0.3438
2020-07-23 21:00:00,80.3952,-0.3414
2020-07-23 21:59:59,80.3844,-0.3478
2020-07-23 23:00:01,80.3746,-0.3626
2020-07-24 00:00:00,80.3666,-0.3834
2020-07-24 00:59:59,80.361,-0.4086
2020-07-24 02:00:01,80.3588,-0.4304
2020-07-24 03:00:00,80.359,-0.4438
2020-07-24 03:59:59,80.3604,-0.4486
2020-07-24 05:00:01,80.3618,-0.4442
2020-07-24 06:00:00,80.3616,-0.4346
2020-07-24 06:59:59,80.3588,-0.426
2020-07-24 08:00:01,80.3532,-0.4206
2020-07-24 09:00:00,80.3456,-0.4224
2020-07-24 09:59:59,80.3368,-0.435
2020-07-24 11:00:01,80.3276,-0.4542
2020-07-24 12:00:00,80.319,-0.4784
2020-07-24 12:59:59,80.3116,-0.5044
2020-07-24 14:00:01,80.306,-0.5246
2020-07-24 15:00:00,80.302,-0.534
2020-07-24 15:59:59,80.2988,-0.5322
2020-07-24 17:00:01,80.2948,-0.5194
2020-07-24 18:00:00,80.2898,-0.494
2020-07-24 18:59:59,80.2824,-0.4564
2020-07-24 20:00:01,80.2722,-0.4188
2020-07-24 21:00:00,80.2592,-0.3876
2020-07-24 21:59:59,80.244,-0.365
2020-07-24 23:00:01,80.2284,-0.3428
2020-07-25 00:00:00,80.2144,-0.3274
2020-07-25 00:59:59,80.2018,-0.3192
2020-07-25 02:00:01,80.192,-0.3092
2020-07-25 03:00:00,80.1836,-0.2942
2020-07-25 03:59:59,80.1766,-0.2756
2020-07-25 05:00:01,80.1692,-0.246
2020-07-25 06:00:00,80.1608,-0.2154
2020-07-25 06:59:59,80.1504,-0.1862
2020-07-25 08:00:01,80.1376,-0.1636
2020-07-25 09:00:00,80.122,-0.1536
2020-07-25 09:59:59,80.105,-0.16
2020-07-25 11:00:01,80.0876,-0.1842
2020-07-25 12:00:00,80.0704,-0.227
2020-07-25 12:59:59,80.0546,-0.283
2020-07-25 14:00:01,80.0412,-0.3436
2020-07-25 15:00:00,80.0298,-0.4042
2020-07-25 15:59:59,80.0206,-0.4544
2020-07-25 17:00:01,80.0118,-0.497
2020-07-25 18:00:00,80.0026,-0.529
2020-07-25 18:59:59,79.9922,-0.5598
2020-07-25 20:00:01,79.9804,-0.5992
2020-07-25 21:00:00,79.9676,-0.6424
2020-07-25 21:59:59,79.9536,-0.6942
2020-07-25 23:00:01,79.9394,-0.759
2020-07-26 00:00:00,79.9264,-0.8376
2020-07-26 00:59:59,79.9158,-0.921
2020-07-26 02:00:01,79.9092,-1.0052
2020-07-26 03:00:00,79.907,-1.0856
2020-07-26 03:59:59,79.9078,-1.1568
2020-07-26 05:00:01,79.9102,-1.2184
2020-07-26 06:00:00,79.9136,-1.2554
2020-07-26 06:59:59,79.9152,-1.2788
2020-07-26 08:00:01,79.9146,-1.2994
2020-07-26 09:00:00,79.9116,-1.324
2020-07-26 09:59:59,79.906,-1.3532
2020-07-26 11:00:01,79.8994,-1.3948
2020-07-26 12:00:00,79.893,-1.4458
2020-07-26 12:59:59,79.8874,-1.4988
2020-07-26 14:00:01,79.8838,-1.5562
2020-07-26 15:00:00,79.8812,-1.6092
2020-07-26 15:59:59,79.8796,-1.6532
2020-07-26 17:00:01,79.8786,-1.6892
2020-07-26 18:00:00,79.8776,-1.7106
2020-07-26 18:59:59,79.8756,-1.719
2020-07-26 20:00:01,79.871,-1.7246
2020-07-26 21:00:00,79.8642,-1.7358
2020-07-26 21:59:59,79.8558,-1.749
2020-07-26 23:00:01,79.845,-1.7668
2020-07-27 00:00:00,79.8334,-1.798
2020-07-27 00:59:59,79.8232,-1.8374
2020-07-27 02:00:01,79.8136,-1.8798
2020-07-27 03:00:00,79.8064,-1.925
2020-07-27 03:59:59,79.801,-1.9572
2020-07-27 05:00:01,79.7968,-1.9838
2020-07-27 06:00:00,79.793,-2.0008
2020-07-27 06:59:59,79.7886,-2.008
2020-07-27 08:00:01,79.782,-2.0104
2020-07-27 09:00:00,79.7736,-2.0138
2020-07-27 09:59:59,79.7636,-2.0184
2020-07-27 11:00:01,79.7518,-2.0356
2020-07-27 12:00:00,79.7382,-2.0606
2020-07-27 12:59:59,79.7252,-2.0936
2020-07-27 14:00:01,79.7132,-2.134
2020-07-27 15:00:00,79.7032,-2.177
2020-07-27 15:59:59,79.6948,-2.2162
2020-07-27 17:03:00,79.6878,-2.248
2020-07-27 18:02:59,79.6818,-2.2662
2020-07-27 19:03:59,79.6756,-2.2756
2020-07-27 20:03:00,79.6688,-2.2806
2020-07-27 21:04:00,79.6608,-2.282
2020-07-27 22:03:01,79.6512,-2.2848
2020-07-27 23:04:01,79.6398,-2.2932
2020-07-28 00:02:59,79.6278,-2.3078
2020-07-28 01:03:59,79.6154,-2.3274
2020-07-28 02:04:01,79.6032,-2.3544
2020-07-28 03:04:00,79.5926,-2.388
2020-07-28 04:03:59,79.5836,-2.422
2020-07-28 05:03:00,79.5768,-2.4526
2020-07-28 06:04:00,79.5712,-2.4728
2020-07-28 07:03:01,79.5666,-2.486
2020-07-28 08:04:01,79.5612,-2.4956
2020-07-28 09:02:59,79.5544,-2.4986
2020-07-28 10:03:59,79.5462,-2.4994
2020-07-28 11:03:00,79.536,-2.501
2020-07-28 12:02:59,79.524,-2.508
2020-07-28 13:03:59,79.5108,-2.5232
2020-07-28 14:04:01,79.4974,-2.544
2020-07-28 15:02:59,79.4846,-2.5694
2020-07-28 16:03:01,79.473,-2.5998
2020-07-28 17:04:01,79.463,-2.629
2020-07-28 18:02:59,79.4546,-2.6536
2020-07-28 19:03:01,79.4468,-2.6726
2020-07-28 20:04:01,79.4388,-2.6824
2020-07-28 21:02:59,79.4304,-2.687
2020-07-28 22:03:59,79.421,-2.689
2020-07-28 23:03:00,79.4104,-2.6922
2020-07-29 00:02:59,79.3992,-2.699
2020-07-29 01:03:01,79.3872,-2.7104
2020-07-29 02:03:00,79.3754,-2.7302
2020-07-29 03:02:59,79.3654,-2.7546
2020-07-29 04:03:01,79.3572,-2.7768
2020-07-29 05:03:00,79.3502,-2.7928
2020-07-29 06:02:59,79.3434,-2.8016
2020-07-29 07:03:59,79.3372,-2.8028
2020-07-29 08:04:01,79.3302,-2.7974
2020-07-29 09:02:59,79.3224,-2.7916
2020-07-29 10:03:59,79.313,-2.7876
2020-07-29 11:03:00,79.3024,-2.7918
2020-07-29 12:02:59,79.292,-2.8024
2020-07-29 13:03:59,79.2828,-2.82
2020-07-29 14:04:01,79.2754,-2.8394
2020-07-29 15:02:59,79.2692,-2.8558
2020-07-29 16:02:00,79.2636,-2.8706
2020-07-29 17:03:00,79.258,-2.8764
2020-07-29 18:02:59,79.253,-2.8742
2020-07-29 19:03:01,79.2476,-2.8648
2020-07-29 20:03:00,79.2414,-2.8506
2020-07-29 21:04:00,79.234,-2.8336
2020-07-29 22:03:01,79.2252,-2.8196
2020-07-29 23:04:01,79.2148,-2.8138
2020-07-30 00:02:59,79.2042,-2.818
2020-07-30 01:03:01,79.1934,-2.8318
2020-07-30 02:02:00,79.1832,-2.854
2020-07-30 03:02:59,79.1742,-2.8808
2020-07-30 04:03:01,79.1658,-2.9074
2020-07-30 05:03:00,79.1596,-2.9368
2020-07-30 06:02:59,79.1544,-2.9636
2020-07-30 07:03:01,79.1492,-2.9808
2020-07-30 08:03:00,79.144,-2.9924
2020-07-30 09:02:01,79.1382,-2.9988
2020-07-30 10:03:01,79.131,-3.011
2020-07-30 11:03:00,79.1224,-3.0292
2020-07-30 12:02:59,79.113,-3.0628
2020-07-30 13:03:01,79.1036,-3.1078
2020-07-30 14:03:00,79.094,-3.1698
2020-07-30 15:02:59,79.0854,-3.2442
2020-07-30 16:03:01,79.0782,-3.3236
2020-07-30 17:03:00,79.0722,-3.4038
2020-07-30 18:04:00,79.0668,-3.481
2020-07-30 19:03:01,79.0614,-3.5546
2020-07-30 20:03:00,79.055,-3.6282
2020-07-30 21:02:59,79.0474,-3.7022
2020-07-30 22:03:01,79.0386,-3.775
2020-07-30 23:03:00,79.0282,-3.8506
2020-07-31 00:02:59,79.0164,-3.9316
2020-07-31 01:03:59,79.002,-4.0196
2020-07-31 02:04:01,78.9872,-4.1064
2020-07-31 03:04:00,78.9724,-4.1956
2020-07-31 04:03:01,78.958,-4.2768
2020-07-31 05:03:00,78.9424,-4.3524
2020-07-31 06:02:59,78.927,-4.4248
2020-07-31 07:03:59,78.9124,-4.4882
2020-07-31 08:03:00,78.8982,-4.5416
2020-07-31 09:02:59,78.8838,-4.5826
2020-07-31 10:03:59,78.8692,-4.6148
2020-07-31 11:03:00,78.8546,-4.639
2020-07-31 12:02:59,78.8396,-4.6602
2020-07-31 13:03:01,78.8238,-4.6846
2020-07-31 14:03:00,78.8076,-4.7198
2020-07-31 15:04:00,78.792,-4.7608
2020-07-31 16:03:01,78.7786,-4.8052
2020-07-31 17:03:00,78.7672,-4.8498
2020-07-31 18:04:00,78.7574,-4.8908
2020-07-31 19:03:01,78.7496,-4.9252
2020-07-31 20:03:00,78.742,-4.9538
2020-07-31 21:02:59,78.7348,-4.9772
2020-07-31 22:02:00,78.7274,-4.9944
2020-07-31 23:03:00,78.7198,-5.0106
2020-08-01 00:02:59,78.711,-5.0282
2020-08-01 01:03:01,78.7012,-5.0498
2020-08-01 02:03:00,78.6912,-5.0776
2020-08-01 03:02:59,78.6816,-5.113
2020-08-01 04:03:01,78.6728,-5.1534
2020-08-01 05:03:00,78.6654,-5.1978
2020-08-01 06:02:59,78.6594,-5.2434
2020-08-01 07:03:01,78.6544,-5.287
2020-08-01 08:03:00,78.6504,-5.3274
2020-08-01 09:02:59,78.6464,-5.3584
2020-08-01 10:03:01,78.6424,-5.3818
2020-08-01 11:03:00,78.6378,-5.399
2020-08-01 12:02:59,78.6324,-5.4154
2020-08-01 13:03:59,78.6266,-5.4348
2020-08-01 14:03:00,78.6202,-5.461
2020-08-01 15:04:00,78.614,-5.4958
2020-08-01 16:03:59,78.6082,-5.533
2020-08-01 17:04:01,78.6032,-5.572
2020-08-01 18:02:59,78.5994,-5.6118
2020-08-01 19:03:59,78.5968,-5.648
2020-08-01 20:04:01,78.5952,-5.6768
2020-08-01 21:02:59,78.5938,-5.7014
2020-08-01 22:03:01,78.5926,-5.7184
2020-08-01 23:04:01,78.59,-5.7304
2020-08-02 00:02:59,78.5874,-5.7432
2020-08-02 01:03:59,78.5846,-5.7606
2020-08-02 02:04:01,78.5818,-5.7838
2020-08-02 03:04:00,78.5788,-5.8114
2020-08-02 04:03:01,78.5762,-5.8444
2020-08-02 05:04:01,78.5738,-5.8818
2020-08-02 06:02:59,78.5722,-5.9214
2020-08-02 07:03:59,78.5714,-5.9556
2020-08-02 08:04:01,78.5718,-5.9792
2020-08-02 09:02:59,78.5724,-5.9982
2020-08-02 10:02:00,78.573,-6.0144
2020-08-02 11:03:00,78.5732,-6.0298
2020-08-02 12:02:59,78.5734,-6.0454
2020-08-02 13:03:59,78.5736,-6.0614
2020-08-02 14:03:00,78.5742,-6.0802
2020-08-02 15:04:00,78.5758,-6.1024
2020-08-02 16:03:01,78.5778,-6.1224
2020-08-02 17:04:01,78.581,-6.1424
2020-08-02 18:04:00,78.5856,-6.1584
2020-08-02 19:03:01,78.5904,-6.1634
2020-08-02 20:04:01,78.595,-6.1622
2020-08-02 21:02:59,78.5988,-6.1574
2020-08-02 22:03:01,78.6016,-6.1508
2020-08-02 23:04:01,78.6036,-6.1454
2020-08-03 00:04:00,78.6052,-6.1428
2020-08-03 01:03:01,78.6066,-6.1446
2020-08-03 02:04:01,78.6084,-6.1508
2020-08-03 03:02:59,78.6108,-6.159
2020-08-03 04:03:59,78.6136,-6.1688
2020-08-03 05:04:01,78.6166,-6.1786
2020-08-03 06:04:00,78.6194,-6.1862
2020-08-03 07:03:01,78.622,-6.1918
2020-08-03 08:04:01,78.6244,-6.1968
2020-08-03 09:04:00,78.6266,-6.2006
2020-08-03 10:03:01,78.6288,-6.2034
2020-08-03 11:03:00,78.6308,-6.2064
2020-08-03 12:04:00,78.6328,-6.2094
2020-08-03 13:03:59,78.6352,-6.2128
2020-08-03 14:03:00,78.6378,-6.2176
2020-08-03 15:02:59,78.6408,-6.2236
2020-08-03 16:03:59,78.644,-6.2286
2020-08-03 17:03:00,78.6466,-6.2304
2020-08-03 18:04:00,78.6494,-6.2316
2020-08-03 19:03:01,78.6518,-6.2316
2020-08-03 20:04:01,78.6538,-6.2294
2020-08-03 21:02:59,78.6552,-6.2286
2020-08-03 22:03:59,78.6566,-6.2292
2020-08-03 23:03:00,78.6586,-6.2326
2020-08-04 00:02:59,78.661,-6.2364
2020-08-04 01:03:59,78.6642,-6.2402
2020-08-04 02:03:00,78.6678,-6.2432
2020-08-04 03:02:59,78.6718,-6.2466
2020-08-04 04:03:01,78.6758,-6.2502
2020-08-04 05:04:01,78.6794,-6.2538
2020-08-04 06:04:00,78.6824,-6.258
2020-08-04 07:03:01,78.6852,-6.2648
2020-08-04 08:04:01,78.6878,-6.273
2020-08-04 09:04:00,78.6906,-6.2854
2020-08-04 10:03:01,78.6928,-6.2976
2020-08-04 11:03:00,78.695,-6.3106
2020-08-04 12:04:00,78.698,-6.328
2020-08-04 13:03:59,78.702,-6.3422
2020-08-04 14:03:00,78.707,-6.3568
2020-08-04 15:04:00,78.7132,-6.369
2020-08-04 16:03:01,78.72,-6.3768
2020-08-04 17:04:01,78.7262,-6.3788
2020-08-04 18:04:00,78.7314,-6.376
2020-08-04 19:03:01,78.7352,-6.373
2020-08-04 20:03:00,78.7382,-6.3746
2020-08-04 21:04:00,78.7404,-6.3806
2020-08-04 22:03:01,78.7422,-6.3898
2020-08-04 23:03:00,78.7444,-6.4022
2020-08-05 00:04:00,78.7476,-6.417
2020-08-05 01:03:01,78.7518,-6.4324
2020-08-05 02:04:01,78.7574,-6.4498
2020-08-05 03:04:00,78.7642,-6.4656
2020-08-05 04:03:01,78.7716,-6.4766
2020-08-05 05:04:59,78.7792,-6.4822
2020-08-05 06:02:59,78.7854,-6.4846
2020-08-05 07:03:01,78.79,-6.4898
2020-08-05 08:04:01,78.7932,-6.4996
2020-08-05 09:02:59,78.7952,-6.5154
2020-08-05 10:03:59,78.7972,-6.5376
2020-08-05 11:03:00,78.8006,-6.5652
2020-08-05 12:04:00,78.8058,-6.5954
2020-08-05 13:03:59,78.8122,-6.624
2020-08-05 14:04:01,78.8196,-6.6456
2020-08-05 15:04:00,78.8276,-6.6598
2020-08-05 16:03:01,78.8354,-6.6652
2020-08-05 17:03:00,78.8426,-6.6656
2020-08-05 18:02:59,78.8484,-6.6654
2020-08-05 19:03:01,78.8526,-6.6678
2020-08-05 20:03:00,78.8556,-6.6752
2020-08-05 21:02:59,78.8582,-6.6866
2020-08-05 22:03:01,78.8614,-6.7042
2020-08-05 23:03:00,78.8652,-6.7246
2020-08-06 00:02:59,78.8696,-6.747
2020-08-06 01:03:01,78.8752,-6.7676
2020-08-06 02:03:00,78.8818,-6.788
2020-08-06 03:02:59,78.8898,-6.8036
2020-08-06 04:03:01,78.8988,-6.8156
2020-08-06 05:03:00,78.9076,-6.8222
2020-08-06 06:02:59,78.9158,-6.8208
2020-08-06 07:03:01,78.921,-6.8238
2020-08-06 08:03:00,78.9246,-6.8322
2020-08-06 09:02:59,78.9272,-6.8482
2020-08-06 10:03:01,78.9294,-6.8694
2020-08-06 11:03:00,78.9324,-6.8954
2020-08-06 12:02:59,78.9366,-6.9232
2020-08-06 13:03:01,78.9416,-6.9546
2020-08-06 14:03:00,78.9484,-6.9828
2020-08-06 15:02:59,78.9566,-7.0056
2020-08-06 16:03:01,78.9664,-7.0172
2020-08-06 17:03:00,78.9754,-7.0154
2020-08-06 18:02:59,78.9828,-7.0084
2020-08-06 19:03:01,78.9874,-7.0048
2020-08-06 20:03:00,78.9892,-7.007
2020-08-06 21:02:59,78.9894,-7.0198
2020-08-06 22:03:01,78.989,-7.0424
2020-08-06 23:03:00,78.9892,-7.0756
2020-08-07 00:02:59,78.9918,-7.1148
2020-08-07 01:03:01,78.9978,-7.1516
2020-08-07 02:03:00,79.0062,-7.1828
2020-08-07 03:02:59,79.0152,-7.201
2020-08-07 04:03:01,79.024,-7.2048
2020-08-07 05:03:00,79.031,-7.1996
2020-08-07 06:02:59,79.0356,-7.1922
2020-08-07 07:03:01,79.038,-7.1906
2020-08-07 08:03:00,79.0384,-7.198
2020-08-07 09:02:59,79.038,-7.2182
2020-08-07 10:03:01,79.0382,-7.2484
2020-08-07 11:03:00,79.0398,-7.2836
2020-08-07 12:02:59,79.043,-7.3202
2020-08-07 13:03:01,79.0486,-7.3514
2020-08-07 14:03:00,79.056,-7.37
2020-08-07 15:02:01,79.063,-7.3774
2020-08-07 16:03:01,79.0698,-7.3768
2020-08-07 17:03:00,79.0754,-7.3706
2020-08-07 18:02:59,79.0794,-7.3632
2020-08-07 19:03:01,79.0808,-7.3594
2020-08-07 20:03:00,79.0804,-7.3642
2020-08-07 21:02:59,79.0796,-7.3808
2020-08-07 22:03:01,79.0786,-7.407
2020-08-07 23:03:00,79.0788,-7.4426
2020-08-08 00:02:59,79.081,-7.4768
2020-08-08 01:03:01,79.0842,-7.5036
2020-08-08 02:03:00,79.0886,-7.5258
2020-08-08 03:02:59,79.094,-7.5384
2020-08-08 04:03:01,79.0996,-7.543
2020-08-08 05:03:00,79.1052,-7.5422
2020-08-08 06:02:59,79.1106,-7.5346
2020-08-08 07:03:01,79.1136,-7.5214
2020-08-08 08:03:00,79.1142,-7.513
2020-08-08 09:02:59,79.1126,-7.5148
2020-08-08 10:03:01,79.1102,-7.5278
2020-08-08 11:03:00,79.1082,-7.552
2020-08-08 12:02:59,79.1072,-7.5818
2020-08-08 13:03:01,79.108,-7.615
2020-08-08 14:03:00,79.111,-7.6472
2020-08-08 15:02:59,79.1156,-7.6724
2020-08-08 16:03:01,79.1218,-7.6916
2020-08-08 17:03:00,79.1276,-7.6992
2020-08-08 18:02:59,79.1322,-7.701
2020-08-08 19:03:01,79.1344,-7.7036
2020-08-08 20:03:00,79.1348,-7.7136
2020-08-08 21:02:59,79.1336,-7.7342
2020-08-08 22:03:01,79.1324,-7.7662
2020-08-08 23:03:00,79.1322,-7.806
2020-08-09 00:02:59,79.1326,-7.8476
2020-08-09 01:03:01,79.1342,-7.8896
2020-08-09 02:03:00,79.137,-7.9298
2020-08-09 03:02:59,79.1412,-7.9646
2020-08-09 04:03:01,79.1462,-7.9928
2020-08-09 05:03:00,79.1512,-8.0128
2020-08-09 06:02:59,79.1556,-8.0292
2020-08-09 07:03:01,79.1592,-8.0462
2020-08-09 08:03:00,79.1618,-8.0654
2020-08-09 09:02:59,79.1632,-8.0854
2020-08-09 10:03:01,79.164,-8.112
2020-08-09 11:03:00,79.1648,-8.1456
2020-08-09 12:02:59,79.1658,-8.183
2020-08-09 13:03:01,79.1678,-8.2212
2020-08-09 14:03:00,79.1706,-8.2588
2020-08-09 15:04:00,79.1742,-8.2932
2020-08-09 16:03:01,79.1778,-8.319
2020-08-09 17:03:00,79.1808,-8.3392
2020-08-09 18:04:00,79.1828,-8.3578
2020-08-09 19:03:01,79.1834,-8.3768
2020-08-09 20:03:00,79.1826,-8.4028
2020-08-09 21:04:00,79.1814,-8.434
2020-08-09 22:03:01,79.1812,-8.464
2020-08-09 23:03:00,79.1822,-8.4814
2020-08-10 00:04:00,79.184,-8.4858
2020-08-10 01:03:01,79.1856,-8.4796
2020-08-10 02:03:00,79.186,-8.4642
2020-08-10 03:04:00,79.185,-8.4436
2020-08-10 04:03:59,79.183,-8.4242
2020-08-10 05:03:00,79.1802,-8.4106
2020-08-10 06:02:59,79.1764,-8.4058
2020-08-10 07:03:59,79.1726,-8.4086
2020-08-10 08:03:00,79.1692,-8.4166
2020-08-10 09:02:59,79.1662,-8.4262
2020-08-10 10:03:59,79.1632,-8.4362
2020-08-10 11:03:00,79.1604,-8.447
2020-08-10 12:02:59,79.1578,-8.4564
2020-08-10 13:03:59,79.1556,-8.4616
2020-08-10 14:03:00,79.153,-8.4606
2020-08-10 15:04:00,79.1502,-8.456
2020-08-10 16:03:01,79.1464,-8.4502
2020-08-10 17:04:01,79.1426,-8.449
2020-08-10 18:04:00,79.1388,-8.4524
2020-08-10 19:03:01,79.1356,-8.4584
2020-08-10 20:03:00,79.1324,-8.4652
2020-08-10 21:04:00,79.1296,-8.471
2020-08-10 22:03:01,79.1266,-8.4764
2020-08-10 23:03:00,79.1236,-8.4804
2020-08-11 00:04:00,79.1202,-8.4834
2020-08-11 01:03:01,79.1164,-8.4846
2020-08-11 02:04:01,79.113,-8.4818
2020-08-11 03:02:59,79.1094,-8.4796
2020-08-11 04:03:59,79.1056,-8.4794
2020-08-11 05:03:00,79.1026,-8.4802
2020-08-11 06:04:00,79.1,-8.4824
2020-08-11 07:03:01,79.0968,-8.484
2020-08-11 08:03:00,79.0934,-8.4864
2020-08-11 09:04:00,79.0892,-8.4898
2020-08-11 10:03:01,79.084,-8.4946
2020-08-11 11:04:01,79.0782,-8.5016
2020-08-11 12:04:00,79.0722,-8.5094
2020-08-11 13:03:01,79.066,-8.5178
2020-08-11 14:03:00,79.0602,-8.5288
2020-08-11 15:02:59,79.0542,-8.539
2020-08-11 16:03:59,79.0486,-8.5482
2020-08-11 17:03:00,79.0436,-8.5554
2020-08-11 18:02:59,79.0394,-8.5632
2020-08-11 19:03:01,79.035,-8.5704
2020-08-11 20:04:01,79.0302,-8.5766
2020-08-11 21:02:59,79.025,-8.5806
2020-08-11 22:03:59,79.0198,-8.5818
2020-08-11 23:03:00,79.0136,-8.5826
2020-08-12 00:02:59,79.007,-8.5844
2020-08-12 01:03:59,78.9994,-8.5894
2020-08-12 02:04:01,78.9922,-8.597
2020-08-12 03:02:59,78.9852,-8.6074
2020-08-12 04:03:59,78.9802,-8.6176
2020-08-12 05:03:00,78.9764,-8.6266
2020-08-12 06:02:59,78.974,-8.6306
2020-08-12 07:03:59,78.9724,-8.6306
2020-08-12 08:03:00,78.9708,-8.6262
2020-08-12 09:04:00,78.9678,-8.6186
2020-08-12 10:03:01,78.9638,-8.6126
2020-08-12 11:03:00,78.959,-8.6062
2020-08-12 12:04:00,78.9532,-8.6028
2020-08-12 13:03:01,78.9476,-8.6058
2020-08-12 14:03:00,78.943,-8.6134
2020-08-12 15:04:00,78.9398,-8.6212
2020-08-12 16:03:01,78.9378,-8.626
2020-08-12 17:03:00,78.9362,-8.6262
2020-08-12 18:04:00,78.9352,-8.623
2020-08-12 19:03:01,78.9342,-8.6148
2020-08-12 20:03:00,78.9328,-8.6056
2020-08-12 21:04:00,78.931,-8.5956
2020-08-12 22:03:01,78.9288,-8.5876
2020-08-12 23:03:00,78.927,-8.585
2020-08-13 00:04:00,78.9258,-8.5874
2020-08-13 01:03:01,78.926,-8.5906
2020-08-13 02:03:00,78.928,-8.5886
2020-08-13 03:02:59,78.931,-8.575
2020-08-13 04:03:59,78.9346,-8.5498
2020-08-13 05:03:00,78.9386,-8.5114
2020-08-13 06:04:00,78.942,-8.4594
2020-08-13 07:03:01,78.9424,-8.4062
2020-08-13 08:03:00,78.9408,-8.3518
2020-08-13 09:04:00,78.9356,-8.3058
2020-08-13 10:03:01,78.9298,-8.2838
2020-08-13 11:04:01,78.9242,-8.2796
2020-08-13 12:02:59,78.9206,-8.2962
2020-08-13 13:03:01,78.92,-8.3218
2020-08-13 14:03:00,78.9228,-8.3478
2020-08-13 15:02:59,78.9292,-8.3598
2020-08-13 16:03:01,78.936,-8.3562
2020-08-13 17:03:00,78.9414,-8.3342
2020-08-13 18:02:59,78.9446,-8.3022
2020-08-13 19:03:01,78.9442,-8.2692
2020-08-13 20:03:00,78.9404,-8.242
